League,home_status,team_gamestate,adjsup_mean,cpm,mins
BelgiumFirstDivisionA,home,0,-1.3364392365848443,0.0377966598300615,3413.0
BelgiumFirstDivisionA,home,0,-0.9433655652057954,0.0423421243648681,4133.0
BelgiumFirstDivisionA,home,0,-0.7405838144330872,0.0460983775431367,3883.0
BelgiumFirstDivisionA,home,0,-0.5854284309390898,0.0454253267623741,4667.0
BelgiumFirstDivisionA,home,0,-0.4647305991632066,0.0457572502685284,4655.0
BelgiumFirstDivisionA,home,0,-0.3688132653061446,0.0438062788999756,4109.0
BelgiumFirstDivisionA,home,0,-0.270515417834202,0.0465328467153284,4384.0
BelgiumFirstDivisionA,home,0,-0.1870303423904237,0.0545917187138561,4323.0
BelgiumFirstDivisionA,home,0,-0.1351710058161221,0.048825426070935,4342.0
BelgiumFirstDivisionA,home,0,-0.0738125701043996,0.0495886654478976,4376.0
BelgiumFirstDivisionA,home,0,0.0385864490946495,0.0522986081822016,4742.0
BelgiumFirstDivisionA,home,0,0.1130105007609253,0.0534960112623181,4262.0
BelgiumFirstDivisionA,home,0,0.1529859726219497,0.0515227845202656,4367.0
BelgiumFirstDivisionA,home,0,0.1970019972561543,0.0575679172056921,4638.0
BelgiumFirstDivisionA,home,0,0.2588353367603315,0.0576195773081201,4495.0
BelgiumFirstDivisionA,home,0,0.3384610890345876,0.05359765051395,4086.0
BelgiumFirstDivisionA,home,0,0.3963988499429565,0.0630608175473579,4012.0
BelgiumFirstDivisionA,home,0,0.4405677274251763,0.0608731297397007,4879.0
BelgiumFirstDivisionA,home,0,0.5201620290863146,0.0624404194470924,4196.0
BelgiumFirstDivisionA,home,0,0.605802897699749,0.0618907277261392,4411.0
BelgiumFirstDivisionA,home,0,0.676054757025762,0.0706293706293706,4290.0
BelgiumFirstDivisionA,home,0,0.7599115250525732,0.0688493018777082,4154.0
BelgiumFirstDivisionA,home,0,0.8678161596133601,0.0751681075888568,4164.0
BelgiumFirstDivisionA,home,0,0.9275907735760708,0.0689568706118355,3988.0
BelgiumFirstDivisionA,home,0,1.015679072650451,0.073488838725859,3987.0
BelgiumFirstDivisionA,home,0,1.1503679373555986,0.0765722515602496,4166.0
BelgiumFirstDivisionA,home,0,1.2766315732000983,0.0721623009758603,3894.0
BelgiumFirstDivisionA,home,0,1.4501568730977314,0.0756462585034013,3675.0
BelgiumFirstDivisionA,home,0,1.6612519043312546,0.074169622702354,3101.0
BelgiumFirstDivisionA,home,0,2.048366326508628,0.0881720430107526,3255.0
BelgiumFirstDivisionA,home,1,-1.3364392365848443,0.0298165137614678,872.0
BelgiumFirstDivisionA,home,1,-0.9433655652057954,0.0278004905968928,1223.0
BelgiumFirstDivisionA,home,1,-0.7405838144330872,0.0362364907819453,1573.0
BelgiumFirstDivisionA,home,1,-0.5854284309390898,0.032258064516129,1798.0
BelgiumFirstDivisionA,home,1,-0.4647305991632066,0.0368385800401875,1493.0
BelgiumFirstDivisionA,home,1,-0.3688132653061446,0.0431918008784773,1366.0
BelgiumFirstDivisionA,home,1,-0.270515417834202,0.0384428223844282,2055.0
BelgiumFirstDivisionA,home,1,-0.1870303423904237,0.0457360647927584,2099.0
BelgiumFirstDivisionA,home,1,-0.1351710058161221,0.0320976491862567,2212.0
BelgiumFirstDivisionA,home,1,-0.0738125701043996,0.0335600907029478,2205.0
BelgiumFirstDivisionA,home,1,0.0385864490946495,0.0433249370277078,1985.0
BelgiumFirstDivisionA,home,1,0.1130105007609253,0.0388888888888888,2160.0
BelgiumFirstDivisionA,home,1,0.1529859726219497,0.0389233954451345,2415.0
BelgiumFirstDivisionA,home,1,0.1970019972561543,0.0407098121085595,1916.0
BelgiumFirstDivisionA,home,1,0.2588353367603315,0.0394579513750498,2509.0
BelgiumFirstDivisionA,home,1,0.3384610890345876,0.0467583497053045,2545.0
BelgiumFirstDivisionA,home,1,0.3963988499429565,0.0407055630936228,2948.0
BelgiumFirstDivisionA,home,1,0.4405677274251763,0.0443639655952919,2209.0
BelgiumFirstDivisionA,home,1,0.5201620290863146,0.0497391304347826,2875.0
BelgiumFirstDivisionA,home,1,0.605802897699749,0.041704442429737,3309.0
BelgiumFirstDivisionA,home,1,0.676054757025762,0.0446544980443285,3068.0
BelgiumFirstDivisionA,home,1,0.7599115250525732,0.0506833712984054,3512.0
BelgiumFirstDivisionA,home,1,0.8678161596133601,0.0420235546038543,3736.0
BelgiumFirstDivisionA,home,1,0.9275907735760708,0.0537444933920704,3405.0
BelgiumFirstDivisionA,home,1,1.015679072650451,0.0521613832853025,3470.0
BelgiumFirstDivisionA,home,1,1.1503679373555986,0.0654997176736307,3542.0
BelgiumFirstDivisionA,home,1,1.2766315732000983,0.0504688361831218,3626.0
BelgiumFirstDivisionA,home,1,1.4501568730977314,0.0601757944557133,4437.0
BelgiumFirstDivisionA,home,1,1.6612519043312546,0.0643846780766096,4908.0
BelgiumFirstDivisionA,home,1,2.048366326508628,0.0665073675826364,5022.0
BelgiumFirstDivisionA,home,2,-1.3364392365848443,0.0482758620689655,4640.0
BelgiumFirstDivisionA,home,2,-0.9433655652057954,0.0513679508654383,3582.0
BelgiumFirstDivisionA,home,2,-0.7405838144330872,0.0500575373993095,3476.0
BelgiumFirstDivisionA,home,2,-0.5854284309390898,0.0509473684210526,2375.0
BelgiumFirstDivisionA,home,2,-0.4647305991632066,0.0474705474705474,2886.0
BelgiumFirstDivisionA,home,2,-0.3688132653061446,0.056002383080131,3357.0
BelgiumFirstDivisionA,home,2,-0.270515417834202,0.06317907444668,2485.0
BelgiumFirstDivisionA,home,2,-0.1870303423904237,0.0644222776392352,2406.0
BelgiumFirstDivisionA,home,2,-0.1351710058161221,0.0559058427910886,2379.0
BelgiumFirstDivisionA,home,2,-0.0738125701043996,0.0651063829787234,2350.0
BelgiumFirstDivisionA,home,2,0.0385864490946495,0.0683333333333333,2400.0
BelgiumFirstDivisionA,home,2,0.1130105007609253,0.0671286271113036,2309.0
BelgiumFirstDivisionA,home,2,0.1529859726219497,0.0706976744186046,2150.0
BelgiumFirstDivisionA,home,2,0.1970019972561543,0.0577933450087565,2284.0
BelgiumFirstDivisionA,home,2,0.2588353367603315,0.0750129332643559,1933.0
BelgiumFirstDivisionA,home,2,0.3384610890345876,0.0605370960400546,2197.0
BelgiumFirstDivisionA,home,2,0.3963988499429565,0.0772750381291306,1967.0
BelgiumFirstDivisionA,home,2,0.4405677274251763,0.0639913232104121,1844.0
BelgiumFirstDivisionA,home,2,0.5201620290863146,0.0669693530079455,1762.0
BelgiumFirstDivisionA,home,2,0.605802897699749,0.0727013542409123,1403.0
BelgiumFirstDivisionA,home,2,0.676054757025762,0.0601885424220449,1379.0
BelgiumFirstDivisionA,home,2,0.7599115250525732,0.0873715124816446,1362.0
BelgiumFirstDivisionA,home,2,0.8678161596133601,0.0637785800240673,831.0
BelgiumFirstDivisionA,home,2,0.9275907735760708,0.0762711864406779,1534.0
BelgiumFirstDivisionA,home,2,1.015679072650451,0.0706521739130434,1472.0
BelgiumFirstDivisionA,home,2,1.1503679373555986,0.0825838103025347,1223.0
BelgiumFirstDivisionA,home,2,1.2766315732000983,0.0930397727272727,1408.0
BelgiumFirstDivisionA,home,2,1.4501568730977314,0.103207810320781,717.0
BelgiumFirstDivisionA,home,2,1.6612519043312546,0.1025081788440567,917.0
BelgiumFirstDivisionA,home,2,2.048366326508628,0.1122913505311077,659.0
BelgiumFirstDivisionA,away,0,-2.048366326508628,0.0258064516129032,3255.0
BelgiumFirstDivisionA,away,0,-1.6589174490010452,0.0380434782608695,3128.0
BelgiumFirstDivisionA,away,0,-1.445909313500074,0.0310183914356299,3643.0
BelgiumFirstDivisionA,away,0,-1.2725341753975736,0.0370560988162635,3886.0
BelgiumFirstDivisionA,away,0,-1.1474376626208482,0.0371959942775393,4194.0
BelgiumFirstDivisionA,away,0,-1.0122256524869302,0.0353117956423741,3993.0
BelgiumFirstDivisionA,away,0,-0.9261605649675664,0.0339950372208436,4030.0
BelgiumFirstDivisionA,away,0,-0.8643132529170331,0.0360862194235892,4129.0
BelgiumFirstDivisionA,away,0,-0.7563767483351357,0.0385072498217256,4207.0
BelgiumFirstDivisionA,away,0,-0.673807103076459,0.0395129795543303,4353.0
BelgiumFirstDivisionA,away,0,-0.602498301109135,0.0417622762735199,4358.0
BelgiumFirstDivisionA,away,0,-0.5177491849458169,0.0387899487679921,4099.0
BelgiumFirstDivisionA,away,0,-0.4390976513433353,0.0405625764370159,4906.0
BelgiumFirstDivisionA,away,0,-0.3949454869022663,0.041398116013882,4034.0
BelgiumFirstDivisionA,away,0,-0.3368060310949145,0.0446232626188734,4101.0
BelgiumFirstDivisionA,away,0,-0.2565149979692515,0.0448602344454463,4436.0
BelgiumFirstDivisionA,away,0,-0.195771878127056,0.0479983232026828,4771.0
BelgiumFirstDivisionA,away,0,-0.151603008948146,0.0476622787108488,4406.0
BelgiumFirstDivisionA,away,0,-0.1103659637291036,0.0433230183289692,4201.0
BelgiumFirstDivisionA,away,0,-0.0355419045179818,0.0532392559332905,4677.0
BelgiumFirstDivisionA,away,0,0.0751443507568173,0.0578379619003901,4357.0
BelgiumFirstDivisionA,away,0,0.1358976125055383,0.0505683136163303,4311.0
BelgiumFirstDivisionA,away,0,0.1873430950196843,0.058041958041958,4290.0
BelgiumFirstDivisionA,away,0,0.270515417834202,0.0499543795620437,4384.0
BelgiumFirstDivisionA,away,0,0.3698827241807809,0.0551691053010314,4169.0
BelgiumFirstDivisionA,away,0,0.4657457089695027,0.054189336235038,4595.0
BelgiumFirstDivisionA,away,0,0.5854284309390898,0.0563531176344546,4667.0
BelgiumFirstDivisionA,away,0,0.7405838144330872,0.0682462013906773,3883.0
BelgiumFirstDivisionA,away,0,0.9433655652057954,0.0679893539801596,4133.0
BelgiumFirstDivisionA,away,0,1.3364392365848443,0.067975388221506,3413.0
BelgiumFirstDivisionA,away,1,-2.048366326508628,0.0303490136570561,659.0
BelgiumFirstDivisionA,away,1,-1.6589174490010452,0.025081788440567,917.0
BelgiumFirstDivisionA,away,1,-1.445909313500074,0.0278940027894002,717.0
BelgiumFirstDivisionA,away,1,-1.2725341753975736,0.0332446808510638,1504.0
BelgiumFirstDivisionA,away,1,-1.1474376626208482,0.0328305235137533,1127.0
BelgiumFirstDivisionA,away,1,-1.0122256524869302,0.0249017038007863,1526.0
BelgiumFirstDivisionA,away,1,-0.9261605649675664,0.0391891891891891,1480.0
BelgiumFirstDivisionA,away,1,-0.8643132529170331,0.0323299888517279,897.0
BelgiumFirstDivisionA,away,1,-0.7563767483351357,0.0344036697247706,1308.0
BelgiumFirstDivisionA,away,1,-0.673807103076459,0.0361010830324909,1385.0
BelgiumFirstDivisionA,away,1,-0.602498301109135,0.0311835577604535,1411.0
BelgiumFirstDivisionA,away,1,-0.5177491849458169,0.0358695652173913,1840.0
BelgiumFirstDivisionA,away,1,-0.4390976513433353,0.0345022624434389,1768.0
BelgiumFirstDivisionA,away,1,-0.3949454869022663,0.0385208012326656,1947.0
BelgiumFirstDivisionA,away,1,-0.3368060310949145,0.0348939929328621,2264.0
BelgiumFirstDivisionA,away,1,-0.2565149979692515,0.0269106566200215,1858.0
BelgiumFirstDivisionA,away,1,-0.195771878127056,0.0285470813804857,2347.0
BelgiumFirstDivisionA,away,1,-0.151603008948146,0.0397915679772619,2111.0
BelgiumFirstDivisionA,away,1,-0.1103659637291036,0.0393169181890389,2518.0
BelgiumFirstDivisionA,away,1,-0.0355419045179818,0.04009009009009,2220.0
BelgiumFirstDivisionA,away,1,0.0751443507568173,0.0337895637296834,2338.0
BelgiumFirstDivisionA,away,1,0.1358976125055383,0.0344121261777959,2441.0
BelgiumFirstDivisionA,away,1,0.1873430950196843,0.04510045100451,2439.0
BelgiumFirstDivisionA,away,1,0.270515417834202,0.0378269617706237,2485.0
BelgiumFirstDivisionA,away,1,0.3698827241807809,0.0390229371462615,3357.0
BelgiumFirstDivisionA,away,1,0.4657457089695027,0.0405405405405405,2886.0
BelgiumFirstDivisionA,away,1,0.5854284309390898,0.0496842105263157,2375.0
BelgiumFirstDivisionA,away,1,0.7405838144330872,0.0532220943613348,3476.0
BelgiumFirstDivisionA,away,1,0.9433655652057954,0.0455053042992741,3582.0
BelgiumFirstDivisionA,away,1,1.3364392365848443,0.0605603448275862,4640.0
BelgiumFirstDivisionA,away,2,-2.048366326508628,0.0312624452409398,5022.0
BelgiumFirstDivisionA,away,2,-1.6589174490010452,0.0393362015980331,4881.0
BelgiumFirstDivisionA,away,2,-1.445909313500074,0.0431449846692947,4566.0
BelgiumFirstDivisionA,away,2,-1.2725341753975736,0.03777971519907,3441.0
BelgiumFirstDivisionA,away,2,-1.1474376626208482,0.0437673130193905,3610.0
BelgiumFirstDivisionA,away,2,-1.0122256524869302,0.0413458796692329,3507.0
BelgiumFirstDivisionA,away,2,-0.9261605649675664,0.0463858850313033,3514.0
BelgiumFirstDivisionA,away,2,-0.8643132529170331,0.0537694013303769,3608.0
BelgiumFirstDivisionA,away,2,-0.7563767483351357,0.0549387987475092,3513.0
BelgiumFirstDivisionA,away,2,-0.673807103076459,0.0429586563307493,3096.0
BelgiumFirstDivisionA,away,2,-0.602498301109135,0.0506601166717838,3257.0
BelgiumFirstDivisionA,away,2,-0.5177491849458169,0.0493385770468359,2797.0
BelgiumFirstDivisionA,away,2,-0.4390976513433353,0.0594479830148619,2355.0
BelgiumFirstDivisionA,away,2,-0.3949454869022663,0.0579150579150579,2849.0
BelgiumFirstDivisionA,away,2,-0.3368060310949145,0.0604524180967238,2564.0
BelgiumFirstDivisionA,away,2,-0.2565149979692515,0.0511006289308176,2544.0
BelgiumFirstDivisionA,away,2,-0.195771878127056,0.0600550964187327,1815.0
BelgiumFirstDivisionA,away,2,-0.151603008948146,0.0573020294468762,2513.0
BelgiumFirstDivisionA,away,2,-0.1103659637291036,0.0616405879563774,2109.0
BelgiumFirstDivisionA,away,2,-0.0355419045179818,0.06656346749226,1938.0
BelgiumFirstDivisionA,away,2,0.0751443507568173,0.0681525932276039,2333.0
BelgiumFirstDivisionA,away,2,0.1358976125055383,0.0638195777351247,2084.0
BelgiumFirstDivisionA,away,2,0.1873430950196843,0.0657455931395902,2099.0
BelgiumFirstDivisionA,away,2,0.270515417834202,0.0695863746958637,2055.0
BelgiumFirstDivisionA,away,2,0.3698827241807809,0.0533333333333333,1500.0
BelgiumFirstDivisionA,away,2,0.4657457089695027,0.0735835172921265,1359.0
BelgiumFirstDivisionA,away,2,0.5854284309390898,0.0756395995550611,1798.0
BelgiumFirstDivisionA,away,2,0.7405838144330872,0.0794659885568976,1573.0
BelgiumFirstDivisionA,away,2,0.9433655652057954,0.0695012264922322,1223.0
BelgiumFirstDivisionA,away,2,1.3364392365848443,0.0711009174311926,872.0
EnglandChampionship,home,0,-1.002179675344135,0.038420990980438,8537.0
EnglandChampionship,home,0,-0.5716260041542218,0.0488970588235294,8160.0
EnglandChampionship,home,0,-0.414882086508343,0.0443075464992299,8441.0
EnglandChampionship,home,0,-0.3020203604231536,0.0479331056412672,8491.0
EnglandChampionship,home,0,-0.2124486298299053,0.0513798519183307,8914.0
EnglandChampionship,home,0,-0.1617531465834724,0.0542678850011143,8974.0
EnglandChampionship,home,0,-0.1210630214877424,0.0555923229649238,9066.0
EnglandChampionship,home,0,-0.0713534846943351,0.0550579242804251,8373.0
EnglandChampionship,home,0,0.0045668103278406,0.0580100354913719,8171.0
EnglandChampionship,home,0,0.0743627333433918,0.0620323175360589,9221.0
EnglandChampionship,home,0,0.1140543402648574,0.058154091271196,8787.0
EnglandChampionship,home,0,0.13984225998688,0.054706082229018,8829.0
EnglandChampionship,home,0,0.1642539118983937,0.0523062836213803,8737.0
EnglandChampionship,home,0,0.1975318165395797,0.0574541852402179,8076.0
EnglandChampionship,home,0,0.2415186328011525,0.0632699437866284,8361.0
EnglandChampionship,home,0,0.289523571396126,0.0553581661891117,8725.0
EnglandChampionship,home,0,0.3410219394655719,0.0628105039034776,8454.0
EnglandChampionship,home,0,0.3829987301922548,0.0595351043643263,8432.0
EnglandChampionship,home,0,0.4166046983151763,0.0605764002175095,9195.0
EnglandChampionship,home,0,0.4487969820781184,0.0668646211371384,9093.0
EnglandChampionship,home,0,0.4935196944112759,0.0643316654753395,8394.0
EnglandChampionship,home,0,0.5466255611909638,0.0573248407643312,8949.0
EnglandChampionship,home,0,0.6070717709237085,0.0698231009365244,9610.0
EnglandChampionship,home,0,0.6656410303892041,0.0619328493647912,8816.0
EnglandChampionship,home,0,0.7332338595438804,0.0729832032174118,8454.0
EnglandChampionship,home,0,0.8237610341414552,0.0736842105263157,8075.0
EnglandChampionship,home,0,0.9198290742086468,0.0784019975031211,8010.0
EnglandChampionship,home,0,1.0174299833026423,0.0777918960892277,7083.0
EnglandChampionship,home,0,1.1941945967287098,0.0741094581684181,7327.0
EnglandChampionship,home,0,1.577789865226339,0.0858320306948983,7037.0
EnglandChampionship,home,1,-1.002179675344135,0.0343264248704663,3088.0
EnglandChampionship,home,1,-0.5716260041542218,0.0327974276527331,3110.0
EnglandChampionship,home,1,-0.414882086508343,0.0376487733786737,4117.0
EnglandChampionship,home,1,-0.3020203604231536,0.0394904458598726,3140.0
EnglandChampionship,home,1,-0.2124486298299053,0.0367185684406228,4303.0
EnglandChampionship,home,1,-0.1617531465834724,0.0366197183098591,4260.0
EnglandChampionship,home,1,-0.1210630214877424,0.0465643090863327,3973.0
EnglandChampionship,home,1,-0.0713534846943351,0.0362116991643454,4667.0
EnglandChampionship,home,1,0.0045668103278406,0.0375749193176579,4338.0
EnglandChampionship,home,1,0.0743627333433918,0.0442299057027391,4454.0
EnglandChampionship,home,1,0.1140543402648574,0.0409306333476949,4642.0
EnglandChampionship,home,1,0.13984225998688,0.0483665676707679,4714.0
EnglandChampionship,home,1,0.1642539118983937,0.0426493710691823,5088.0
EnglandChampionship,home,1,0.1975318165395797,0.041988950276243,5430.0
EnglandChampionship,home,1,0.2415186328011525,0.0442113150992881,5338.0
EnglandChampionship,home,1,0.289523571396126,0.0477647058823529,4250.0
EnglandChampionship,home,1,0.3410219394655719,0.0477144418138772,5491.0
EnglandChampionship,home,1,0.3829987301922548,0.0452345495160089,5372.0
EnglandChampionship,home,1,0.4166046983151763,0.0395884199511684,5734.0
EnglandChampionship,home,1,0.4487969820781184,0.04732107938991,5114.0
EnglandChampionship,home,1,0.4935196944112759,0.0436666089066019,5771.0
EnglandChampionship,home,1,0.5466255611909638,0.0497553017944535,4904.0
EnglandChampionship,home,1,0.6070717709237085,0.0469750889679715,5620.0
EnglandChampionship,home,1,0.6656410303892041,0.0495976350796518,6089.0
EnglandChampionship,home,1,0.7332338595438804,0.056776263031275,6235.0
EnglandChampionship,home,1,0.8237610341414552,0.0557863501483679,6740.0
EnglandChampionship,home,1,0.9198290742086468,0.0494925622132629,7193.0
EnglandChampionship,home,1,1.0174299833026423,0.0602467361360642,8349.0
EnglandChampionship,home,1,1.1941945967287098,0.0653789004457652,8076.0
EnglandChampionship,home,1,1.577789865226339,0.061897458369851,9128.0
EnglandChampionship,home,2,-1.002179675344135,0.0562820725045522,6041.0
EnglandChampionship,home,2,-0.5716260041542218,0.0559025608994378,6404.0
EnglandChampionship,home,2,-0.414882086508343,0.0621446775142129,5101.0
EnglandChampionship,home,2,-0.3020203604231536,0.0580342167058034,5962.0
EnglandChampionship,home,2,-0.2124486298299053,0.059026182820395,4354.0
EnglandChampionship,home,2,-0.1617531465834724,0.061044003451251,4636.0
EnglandChampionship,home,2,-0.1210630214877424,0.0611444393170281,4334.0
EnglandChampionship,home,2,-0.0713534846943351,0.0646067415730337,4628.0
EnglandChampionship,home,2,0.0045668103278406,0.0661532385466034,5064.0
EnglandChampionship,home,2,0.0743627333433918,0.0720566682950659,4094.0
EnglandChampionship,home,2,0.1140543402648574,0.0643086816720257,4043.0
EnglandChampionship,home,2,0.13984225998688,0.0653873489694385,4221.0
EnglandChampionship,home,2,0.1642539118983937,0.0692960832648589,3651.0
EnglandChampionship,home,2,0.1975318165395797,0.0724046991129225,4171.0
EnglandChampionship,home,2,0.2415186328011525,0.0678562452877607,3979.0
EnglandChampionship,home,2,0.289523571396126,0.0690403821102909,4606.0
EnglandChampionship,home,2,0.3410219394655719,0.0712174146734748,3721.0
EnglandChampionship,home,2,0.3829987301922548,0.0743691899070385,3765.0
EnglandChampionship,home,2,0.4166046983151763,0.0757465404224326,2746.0
EnglandChampionship,home,2,0.4487969820781184,0.0710601719197707,3490.0
EnglandChampionship,home,2,0.4935196944112759,0.0833822665883734,3406.0
EnglandChampionship,home,2,0.5466255611909638,0.0791733762748255,3726.0
EnglandChampionship,home,2,0.6070717709237085,0.081081081081081,2442.0
EnglandChampionship,home,2,0.6656410303892041,0.0819198845182244,2771.0
EnglandChampionship,home,2,0.7332338595438804,0.091161178509532,2885.0
EnglandChampionship,home,2,0.8237610341414552,0.0846042120551924,2754.0
EnglandChampionship,home,2,0.9198290742086468,0.0875557357113903,2467.0
EnglandChampionship,home,2,1.0174299833026423,0.0793135435992578,2156.0
EnglandChampionship,home,2,1.1941945967287098,0.1010145566828407,2267.0
EnglandChampionship,home,2,1.577789865226339,0.1179589131875414,1509.0
EnglandChampionship,away,0,-1.5716424212702778,0.0302299176837922,7046.0
EnglandChampionship,away,0,-1.1931729417162866,0.0373742864908942,7358.0
EnglandChampionship,away,0,-1.0165480927479982,0.0373113073198519,7022.0
EnglandChampionship,away,0,-0.9191511682294898,0.0418062275151966,8061.0
EnglandChampionship,away,0,-0.8223931417455161,0.0412939590736429,8161.0
EnglandChampionship,away,0,-0.731654300199486,0.0412811387900355,8430.0
EnglandChampionship,away,0,-0.6647046192453309,0.0425435104083722,8791.0
EnglandChampionship,away,0,-0.6063792414156746,0.044377780076549,9667.0
EnglandChampionship,away,0,-0.5460648286937789,0.0403816285777679,9014.0
EnglandChampionship,away,0,-0.4929507194367068,0.0428571428571428,8400.0
EnglandChampionship,away,0,-0.4484775436767383,0.0501560410164957,8972.0
EnglandChampionship,away,0,-0.416141826975394,0.0464193825042881,9328.0
EnglandChampionship,away,0,-0.3819837035228791,0.0421256506476213,8261.0
EnglandChampionship,away,0,-0.3399899525975447,0.0416033656655369,8557.0
EnglandChampionship,away,0,-0.2883690633332068,0.0492900842664204,8663.0
EnglandChampionship,away,0,-0.2405660342257186,0.0481596558317399,8368.0
EnglandChampionship,away,0,-0.196446589485005,0.0451155397970412,8179.0
EnglandChampionship,away,0,-0.1634715377022011,0.0495599814729041,8636.0
EnglandChampionship,away,0,-0.1393073975197299,0.0463464140730717,8868.0
EnglandChampionship,away,0,-0.1133291173288214,0.0458196628577893,8839.0
EnglandChampionship,away,0,-0.0731393875852599,0.0457815565729234,9174.0
EnglandChampionship,away,0,-0.0031445823051433,0.0509162464641495,8131.0
EnglandChampionship,away,0,0.0729199819861516,0.0496865018336685,8453.0
EnglandChampionship,away,0,0.1222863938267944,0.0516319179128916,9161.0
EnglandChampionship,away,0,0.1627961044156168,0.0560461956521739,8832.0
EnglandChampionship,away,0,0.2135587350387771,0.0488780271050877,9002.0
EnglandChampionship,away,0,0.304264984161978,0.0602209288514075,8419.0
EnglandChampionship,away,0,0.4163038204844634,0.0591784636806683,8618.0
EnglandChampionship,away,0,0.573387924726514,0.0560409385921118,8012.0
EnglandChampionship,away,0,1.0031646421648093,0.0674681918991478,8567.0
EnglandChampionship,away,1,-1.5716424212702778,0.0324718356527501,1509.0
EnglandChampionship,away,1,-1.1931729417162866,0.0263504611330698,2277.0
EnglandChampionship,away,1,-1.0165480927479982,0.0274930102516309,2146.0
EnglandChampionship,away,1,-0.9191511682294898,0.0334394904458598,2512.0
EnglandChampionship,away,1,-0.8223931417455161,0.0283609576427255,2715.0
EnglandChampionship,away,1,-0.731654300199486,0.0241593209271955,3063.0
EnglandChampionship,away,1,-0.6647046192453309,0.0346402740768937,2627.0
EnglandChampionship,away,1,-0.6063792414156746,0.027060782681099,2402.0
EnglandChampionship,away,1,-0.5460648286937789,0.030712205454064,3777.0
EnglandChampionship,away,1,-0.4929507194367068,0.0354819633353045,3382.0
EnglandChampionship,away,1,-0.4484775436767383,0.0335417851051733,3518.0
EnglandChampionship,away,1,-0.416141826975394,0.0304568527918781,2758.0
EnglandChampionship,away,1,-0.3819837035228791,0.0328398384925975,3715.0
EnglandChampionship,away,1,-0.3399899525975447,0.0369599167100468,3842.0
EnglandChampionship,away,1,-0.2883690633332068,0.0394163763066202,4592.0
EnglandChampionship,away,1,-0.2405660342257186,0.0350214159737969,3969.0
EnglandChampionship,away,1,-0.196446589485005,0.0412615603509603,4217.0
EnglandChampionship,away,1,-0.1634715377022011,0.0387026437721449,3669.0
EnglandChampionship,away,1,-0.1393073975197299,0.0390070921985815,4230.0
EnglandChampionship,away,1,-0.1133291173288214,0.036469730123997,4113.0
EnglandChampionship,away,1,-0.0731393875852599,0.0384129390952742,3957.0
EnglandChampionship,away,1,-0.0031445823051433,0.0423001949317738,5130.0
EnglandChampionship,away,1,0.0729199819861516,0.0350492880613362,4565.0
EnglandChampionship,away,1,0.1222863938267944,0.0365225184853237,4463.0
EnglandChampionship,away,1,0.1627961044156168,0.0409982174688057,4488.0
EnglandChampionship,away,1,0.2135587350387771,0.0436925834640376,4463.0
EnglandChampionship,away,1,0.304264984161978,0.0407163372191248,5919.0
EnglandChampionship,away,1,0.4163038204844634,0.0398318654923939,4996.0
EnglandChampionship,away,1,0.573387924726514,0.0476264834478451,6404.0
EnglandChampionship,away,1,1.0031646421648093,0.0565417488494411,6084.0
EnglandChampionship,away,2,-1.5716424212702778,0.0333369887049018,9119.0
EnglandChampionship,away,2,-1.1931729417162866,0.0399502177971375,8035.0
EnglandChampionship,away,2,-1.0165480927479982,0.0438242280285035,8420.0
EnglandChampionship,away,2,-0.9191511682294898,0.0492888325587945,7101.0
EnglandChampionship,away,2,-0.8223931417455161,0.0458296492779251,6786.0
EnglandChampionship,away,2,-0.731654300199486,0.0475882162512139,6178.0
EnglandChampionship,away,2,-0.6647046192453309,0.0471635883905013,6064.0
EnglandChampionship,away,2,-0.6063792414156746,0.0449759057647688,5603.0
EnglandChampionship,away,2,-0.5460648286937789,0.0524053224155578,4885.0
EnglandChampionship,away,2,-0.4929507194367068,0.0637415788564518,5789.0
EnglandChampionship,away,2,-0.4484775436767383,0.0542074363992172,5110.0
EnglandChampionship,away,2,-0.416141826975394,0.0541241570119315,5783.0
EnglandChampionship,away,2,-0.3819837035228791,0.0518614558251528,5399.0
EnglandChampionship,away,2,-0.3399899525975447,0.0565786975507879,5267.0
EnglandChampionship,away,2,-0.2883690633332068,0.0607390300230946,4330.0
EnglandChampionship,away,2,-0.2405660342257186,0.049091249765786,5337.0
EnglandChampionship,away,2,-0.196446589485005,0.0565326633165829,5572.0
EnglandChampionship,away,2,-0.1634715377022011,0.0618846694796061,4977.0
EnglandChampionship,away,2,-0.1393073975197299,0.0551181102362204,4572.0
EnglandChampionship,away,2,-0.1133291173288214,0.0585048754062838,4615.0
EnglandChampionship,away,2,-0.0731393875852599,0.0622751798561151,4448.0
EnglandChampionship,away,2,-0.0031445823051433,0.060172570390554,4404.0
EnglandChampionship,away,2,0.0729199819861516,0.0631986242476354,4652.0
EnglandChampionship,away,2,0.1222863938267944,0.0611688954928182,4038.0
EnglandChampionship,away,2,0.1627961044156168,0.0667948101874099,4162.0
EnglandChampionship,away,2,0.2135587350387771,0.0732217573221757,4302.0
EnglandChampionship,away,2,0.304264984161978,0.0668567807351077,3156.0
EnglandChampionship,away,2,0.4163038204844634,0.0657601977750309,4045.0
EnglandChampionship,away,2,0.573387924726514,0.0813033850047453,3161.0
EnglandChampionship,away,2,1.0031646421648093,0.0938640132669983,3015.0
EnglandPremierLeague,home,0,-1.7952633825237754,0.0265742345465049,5193.0
EnglandPremierLeague,home,0,-1.2649830133439572,0.0365972357407046,5137.0
EnglandPremierLeague,home,0,-1.0009100646105509,0.0328446836147708,5389.0
EnglandPremierLeague,home,0,-0.8534926700964045,0.042107117688513,5676.0
EnglandPremierLeague,home,0,-0.6803344157753389,0.0439640959882762,5459.0
EnglandPremierLeague,home,0,-0.5239695348554614,0.0475203041299464,5787.0
EnglandPremierLeague,home,0,-0.3799560007993489,0.049746192893401,5910.0
EnglandPremierLeague,home,0,-0.2564652776784325,0.0522735409953455,5586.0
EnglandPremierLeague,home,0,-0.1655121587206151,0.0577185792349726,5856.0
EnglandPremierLeague,home,0,-0.1015152173297596,0.0555253130103429,5511.0
EnglandPremierLeague,home,0,-0.0066085478545609,0.0551470588235294,5712.0
EnglandPremierLeague,home,0,0.0877255193463252,0.0504515727187791,6422.0
EnglandPremierLeague,home,0,0.1337137909957422,0.0575528700906344,6620.0
EnglandPremierLeague,home,0,0.1839168039428103,0.0539000162839928,6141.0
EnglandPremierLeague,home,0,0.2483126808871341,0.0553271668379582,5838.0
EnglandPremierLeague,home,0,0.3297486668070276,0.0638637573177221,5637.0
EnglandPremierLeague,home,0,0.3999041592757071,0.0572623451825639,6217.0
EnglandPremierLeague,home,0,0.4531013940213181,0.0607352157698454,5631.0
EnglandPremierLeague,home,0,0.5304911583609059,0.0686562014835259,5797.0
EnglandPremierLeague,home,0,0.6196615154643086,0.0708287696239503,5478.0
EnglandPremierLeague,home,0,0.7075536031039918,0.0748109828889773,5026.0
EnglandPremierLeague,home,0,0.8198923851551995,0.0684489950701554,5274.0
EnglandPremierLeague,home,0,0.9209399787917024,0.0743177859492936,5167.0
EnglandPremierLeague,home,0,1.0333390729259546,0.0759424512839191,5491.0
EnglandPremierLeague,home,0,1.187092103717053,0.0819907481256978,6269.0
EnglandPremierLeague,home,0,1.3470619921066864,0.0838932616625072,5209.0
EnglandPremierLeague,home,0,1.533450930407789,0.0854394989935137,4471.0
EnglandPremierLeague,home,0,1.7470284318689622,0.0862752161383285,5552.0
EnglandPremierLeague,home,0,1.9803431436372707,0.0964765100671141,4768.0
EnglandPremierLeague,home,0,2.5169434666127,0.094742321707444,3842.0
EnglandPremierLeague,home,1,-1.7952633825237754,0.0287958115183246,764.0
EnglandPremierLeague,home,1,-1.2649830133439572,0.0284745762711864,1475.0
EnglandPremierLeague,home,1,-1.0009100646105509,0.027359781121751,1462.0
EnglandPremierLeague,home,1,-0.8534926700964045,0.0369249394673123,1652.0
EnglandPremierLeague,home,1,-0.6803344157753389,0.0338000965717044,2071.0
EnglandPremierLeague,home,1,-0.5239695348554614,0.0373478808224926,2383.0
EnglandPremierLeague,home,1,-0.3799560007993489,0.0388239728609121,2653.0
EnglandPremierLeague,home,1,-0.2564652776784325,0.033548784241305,3249.0
EnglandPremierLeague,home,1,-0.1655121587206151,0.0366350067842605,2948.0
EnglandPremierLeague,home,1,-0.1015152173297596,0.0432098765432098,3078.0
EnglandPremierLeague,home,1,-0.0066085478545609,0.0411001236093943,3236.0
EnglandPremierLeague,home,1,0.0877255193463252,0.0383779869659666,2762.0
EnglandPremierLeague,home,1,0.1337137909957422,0.0411311053984575,2723.0
EnglandPremierLeague,home,1,0.1839168039428103,0.0424395727937043,3558.0
EnglandPremierLeague,home,1,0.2483126808871341,0.040910322405852,3691.0
EnglandPremierLeague,home,1,0.3297486668070276,0.0442842430484037,3884.0
EnglandPremierLeague,home,1,0.3999041592757071,0.0505664548217739,3619.0
EnglandPremierLeague,home,1,0.4531013940213181,0.0468468468468468,4440.0
EnglandPremierLeague,home,1,0.5304911583609059,0.0497145575642245,4204.0
EnglandPremierLeague,home,1,0.6196615154643086,0.0544843049327354,4460.0
EnglandPremierLeague,home,1,0.7075536031039918,0.0493932297210985,4697.0
EnglandPremierLeague,home,1,0.8198923851551995,0.0469561603989195,4813.0
EnglandPremierLeague,home,1,0.9209399787917024,0.0513155033702978,4599.0
EnglandPremierLeague,home,1,1.0333390729259546,0.0529215030493802,5083.0
EnglandPremierLeague,home,1,1.187092103717053,0.0565275908479138,4458.0
EnglandPremierLeague,home,1,1.3470619921066864,0.0544369873228933,5364.0
EnglandPremierLeague,home,1,1.533450930407789,0.0609065155807365,6354.0
EnglandPremierLeague,home,1,1.7470284318689622,0.0651497471800855,5142.0
EnglandPremierLeague,home,1,1.9803431436372707,0.0632951154389822,6367.0
EnglandPremierLeague,home,1,2.5169434666127,0.0776476921006594,7431.0
EnglandPremierLeague,home,2,-1.7952633825237754,0.0312448610425916,6081.0
EnglandPremierLeague,home,2,-1.2649830133439572,0.0447926267281106,5425.0
EnglandPremierLeague,home,2,-1.0009100646105509,0.0417647058823529,5100.0
EnglandPremierLeague,home,2,-0.8534926700964045,0.0497354497354497,4725.0
EnglandPremierLeague,home,2,-0.6803344157753389,0.0515254237288135,4425.0
EnglandPremierLeague,home,2,-0.5239695348554614,0.0565599173553719,3872.0
EnglandPremierLeague,home,2,-0.3799560007993489,0.0527556734453286,3393.0
EnglandPremierLeague,home,2,-0.2564652776784325,0.0615671641791044,3216.0
EnglandPremierLeague,home,2,-0.1655121587206151,0.0610492845786963,3145.0
EnglandPremierLeague,home,2,-0.1015152173297596,0.062933025404157,3464.0
EnglandPremierLeague,home,2,-0.0066085478545609,0.0681515957446808,3008.0
EnglandPremierLeague,home,2,0.0877255193463252,0.0709269662921348,2848.0
EnglandPremierLeague,home,2,0.1337137909957422,0.0718654434250764,2616.0
EnglandPremierLeague,home,2,0.1839168039428103,0.0618073316283034,2346.0
EnglandPremierLeague,home,2,0.2483126808871341,0.0749405233941316,2522.0
EnglandPremierLeague,home,2,0.3297486668070276,0.0713990920346677,2423.0
EnglandPremierLeague,home,2,0.3999041592757071,0.077762619372442,2199.0
EnglandPremierLeague,home,2,0.4531013940213181,0.0764737121614445,1883.0
EnglandPremierLeague,home,2,0.5304911583609059,0.0788321167883211,2055.0
EnglandPremierLeague,home,2,0.6196615154643086,0.0802005012531328,1995.0
EnglandPremierLeague,home,2,0.7075536031039918,0.0844406343763394,2333.0
EnglandPremierLeague,home,2,0.8198923851551995,0.0855758880516684,1858.0
EnglandPremierLeague,home,2,0.9209399787917024,0.0825010855405992,2303.0
EnglandPremierLeague,home,2,1.0333390729259546,0.103971119133574,1385.0
EnglandPremierLeague,home,2,1.187092103717053,0.1145675265553869,1318.0
EnglandPremierLeague,home,2,1.3470619921066864,0.0973837209302325,1376.0
EnglandPremierLeague,home,2,1.533450930407789,0.0999174236168455,1211.0
EnglandPremierLeague,home,2,1.7470284318689622,0.1157222665602553,1253.0
EnglandPremierLeague,home,2,1.9803431436372707,0.1009988901220865,901.0
EnglandPremierLeague,home,2,2.5169434666127,0.1321989528795811,764.0
EnglandPremierLeague,away,0,-2.513456041729331,0.0259605399792315,3852.0
EnglandPremierLeague,away,0,-1.97720630328,0.0306926586478639,4822.0
EnglandPremierLeague,away,0,-1.7443489273165975,0.0306527226830147,5546.0
EnglandPremierLeague,away,0,-1.529843764455622,0.0366726296958855,4472.0
EnglandPremierLeague,away,0,-1.343661085765195,0.0311059907834101,5208.0
EnglandPremierLeague,away,0,-1.1852323613633498,0.0310251079481848,6253.0
EnglandPremierLeague,away,0,-1.0300741469281258,0.0376470588235294,5525.0
EnglandPremierLeague,away,0,-0.9195834550993924,0.0385653682992672,5186.0
EnglandPremierLeague,away,0,-0.817552724117249,0.0440444274224435,5222.0
EnglandPremierLeague,away,0,-0.7054208092605391,0.041708043694141,5035.0
EnglandPremierLeague,away,0,-0.6176733434286545,0.0393102169478954,5393.0
EnglandPremierLeague,away,0,-0.5288344140811934,0.038612677259525,5853.0
EnglandPremierLeague,away,0,-0.4519633302901167,0.0460353579555399,5713.0
EnglandPremierLeague,away,0,-0.3990916780534711,0.0476034143138542,6092.0
EnglandPremierLeague,away,0,-0.3283980106177548,0.0499911676382264,5661.0
EnglandPremierLeague,away,0,-0.247402805485662,0.0441227163047225,5802.0
EnglandPremierLeague,away,0,-0.1833610118227052,0.0475179621162638,6124.0
EnglandPremierLeague,away,0,-0.1330866863535633,0.0450656889703635,6546.0
EnglandPremierLeague,away,0,-0.0869469862256928,0.0487766869253545,6417.0
EnglandPremierLeague,away,0,0.0078795764236721,0.0576160082801449,5797.0
EnglandPremierLeague,away,0,0.1025824910320749,0.0538333023946537,5387.0
EnglandPremierLeague,away,0,0.1669389515954528,0.054588877516206,5862.0
EnglandPremierLeague,away,0,0.2585745067152303,0.059372197309417,5575.0
EnglandPremierLeague,away,0,0.3820832594641503,0.0591406908171861,5935.0
EnglandPremierLeague,away,0,0.526715991228221,0.0584977500865351,5778.0
EnglandPremierLeague,away,0,0.6827375681630845,0.065672184828088,5497.0
EnglandPremierLeague,away,0,0.8555180260725236,0.0625112268726423,5567.0
EnglandPremierLeague,away,0,1.0030174195163784,0.0674053554939981,5415.0
EnglandPremierLeague,away,0,1.2660735680801631,0.0720843914827114,5119.0
EnglandPremierLeague,away,0,1.7952633825237754,0.0853071442326208,5193.0
EnglandPremierLeague,away,1,-2.513456041729331,0.0157068062827225,764.0
EnglandPremierLeague,away,1,-1.97720630328,0.024070021881838,914.0
EnglandPremierLeague,away,1,-1.7443489273165975,0.0221238938053097,1356.0
EnglandPremierLeague,away,1,-1.529843764455622,0.0365296803652968,1095.0
EnglandPremierLeague,away,1,-1.343661085765195,0.0347222222222222,1440.0
EnglandPremierLeague,away,1,-1.1852323613633498,0.0271132376395534,1254.0
EnglandPremierLeague,away,1,-1.0300741469281258,0.0298403886190145,1441.0
EnglandPremierLeague,away,1,-0.9195834550993924,0.034712950600801,2247.0
EnglandPremierLeague,away,1,-0.817552724117249,0.0258342303552206,1858.0
EnglandPremierLeague,away,1,-0.7054208092605391,0.0327318506084767,2383.0
EnglandPremierLeague,away,1,-0.6176733434286545,0.0324582338902147,2095.0
EnglandPremierLeague,away,1,-0.5288344140811934,0.0315737543167242,2027.0
EnglandPremierLeague,away,1,-0.4519633302901167,0.0345205479452054,1825.0
EnglandPremierLeague,away,1,-0.3990916780534711,0.0277655354781842,2269.0
EnglandPremierLeague,away,1,-0.3283980106177548,0.0429096853289742,2447.0
EnglandPremierLeague,away,1,-0.247402805485662,0.0399505766062602,2428.0
EnglandPremierLeague,away,1,-0.1833610118227052,0.0320945945945945,2368.0
EnglandPremierLeague,away,1,-0.1330866863535633,0.0316070068545316,2626.0
EnglandPremierLeague,away,1,-0.0869469862256928,0.0390625,2816.0
EnglandPremierLeague,away,1,0.0078795764236721,0.0403940886699507,3045.0
EnglandPremierLeague,away,1,0.1025824910320749,0.0507982583454281,3445.0
EnglandPremierLeague,away,1,0.1669389515954528,0.0429237947122861,3215.0
EnglandPremierLeague,away,1,0.2585745067152303,0.0389529448426301,3209.0
EnglandPremierLeague,away,1,0.3820832594641503,0.0422077922077922,3388.0
EnglandPremierLeague,away,1,0.526715991228221,0.0450379680544645,3819.0
EnglandPremierLeague,away,1,0.6827375681630845,0.0429889714157101,4443.0
EnglandPremierLeague,away,1,0.8555180260725236,0.0438541007800969,4743.0
EnglandPremierLeague,away,1,1.0030174195163784,0.054148133823245,5171.0
EnglandPremierLeague,away,1,1.2660735680801631,0.049569771791994,5346.0
EnglandPremierLeague,away,1,1.7952633825237754,0.0613385956257194,6081.0
EnglandPremierLeague,away,2,-2.513456041729331,0.0250640075461528,7421.0
EnglandPremierLeague,away,2,-1.97720630328,0.0348218603901338,6203.0
EnglandPremierLeague,away,2,-1.7443489273165975,0.042979385453131,5142.0
EnglandPremierLeague,away,2,-1.529843764455622,0.042059008160703,6372.0
EnglandPremierLeague,away,2,-1.343661085765195,0.0452744765138653,5301.0
EnglandPremierLeague,away,2,-1.1852323613633498,0.0478184222124283,4538.0
EnglandPremierLeague,away,2,-1.0300741469281258,0.0420588824354095,4993.0
EnglandPremierLeague,away,2,-0.9195834550993924,0.0420797532496144,4539.0
EnglandPremierLeague,away,2,-0.817552724117249,0.0501813784764208,4962.0
EnglandPremierLeague,away,2,-0.7054208092605391,0.0475666152829773,4541.0
EnglandPremierLeague,away,2,-0.6176733434286545,0.0493174812857771,4542.0
EnglandPremierLeague,away,2,-0.5288344140811934,0.0571218435891149,4079.0
EnglandPremierLeague,away,2,-0.4519633302901167,0.0609148550724637,4416.0
EnglandPremierLeague,away,2,-0.3990916780534711,0.0612411540555253,3674.0
EnglandPremierLeague,away,2,-0.3283980106177548,0.0599582898852971,3836.0
EnglandPremierLeague,away,2,-0.247402805485662,0.0529001074113856,3724.0
EnglandPremierLeague,away,2,-0.1833610118227052,0.0661412890515057,3553.0
EnglandPremierLeague,away,2,-0.1330866863535633,0.0570505920344456,2787.0
EnglandPremierLeague,away,2,-0.0869469862256928,0.0632864544781643,2702.0
EnglandPremierLeague,away,2,0.0078795764236721,0.0647773279352226,3211.0
EnglandPremierLeague,away,2,0.1025824910320749,0.0681818181818181,3124.0
EnglandPremierLeague,away,2,0.1669389515954528,0.0613001010441226,2969.0
EnglandPremierLeague,away,2,0.2585745067152303,0.0735015772870662,3170.0
EnglandPremierLeague,away,2,0.3820832594641503,0.0634257500949487,2633.0
EnglandPremierLeague,away,2,0.526715991228221,0.0768916155419223,2445.0
EnglandPremierLeague,away,2,0.6827375681630845,0.0640198511166253,2015.0
EnglandPremierLeague,away,2,0.8555180260725236,0.0753341433778857,1646.0
EnglandPremierLeague,away,2,1.0030174195163784,0.0793433652530779,1462.0
EnglandPremierLeague,away,2,1.2660735680801631,0.0908474576271186,1475.0
EnglandPremierLeague,away,2,1.7952633825237754,0.112565445026178,764.0
FranceLigue1,home,0,-1.6596215950144484,0.0350352488784447,4681.0
FranceLigue1,home,0,-1.0054716222139053,0.0415292062875994,5153.0
FranceLigue1,home,0,-0.7445634301548706,0.0381282495667244,4616.0
FranceLigue1,home,0,-0.5516067420767163,0.0484640335813776,5241.0
FranceLigue1,home,0,-0.4189438961612493,0.0480083492781353,5749.0
FranceLigue1,home,0,-0.3034728964561153,0.0429208472686733,5382.0
FranceLigue1,home,0,-0.1965636936369789,0.0413412078491141,5249.0
FranceLigue1,home,0,-0.1381144561036869,0.0482647296206618,6195.0
FranceLigue1,home,0,-0.075022480971084,0.0486431131592421,5859.0
FranceLigue1,home,0,0.0222126094354579,0.0524770642201834,5450.0
FranceLigue1,home,0,0.0958326069455771,0.0550986842105263,6080.0
FranceLigue1,home,0,0.1391071746230033,0.0543796248494235,5811.0
FranceLigue1,home,0,0.1746371235945836,0.0530016224986479,5547.0
FranceLigue1,home,0,0.2245451544565339,0.0553028924868109,5497.0
FranceLigue1,home,0,0.2886762349994762,0.0590003757985719,5322.0
FranceLigue1,home,0,0.3508436816193255,0.0601938128960119,5366.0
FranceLigue1,home,0,0.4064550409628081,0.0601083643752116,5906.0
FranceLigue1,home,0,0.4429938671548192,0.0580645161290322,5735.0
FranceLigue1,home,0,0.4876654957058796,0.0631559220389805,5336.0
FranceLigue1,home,0,0.5502862244805059,0.0538204674916519,5091.0
FranceLigue1,home,0,0.6138688271258065,0.0538772368674235,5197.0
FranceLigue1,home,0,0.6745299930028876,0.0660890248046211,5886.0
FranceLigue1,home,0,0.7612243869549309,0.0597154623736428,5342.0
FranceLigue1,home,0,0.8691399945915197,0.0673231871083258,5585.0
FranceLigue1,home,0,0.9569187960481972,0.0648869836321122,5132.0
FranceLigue1,home,0,1.109921276371149,0.0781157998037291,5095.0
FranceLigue1,home,0,1.251324500735847,0.0663940809968847,5136.0
FranceLigue1,home,0,1.446976621462604,0.075886524822695,4230.0
FranceLigue1,home,0,1.7284989153487302,0.0750816104461371,4595.0
FranceLigue1,home,0,2.451212863894587,0.0967306133477438,3701.0
FranceLigue1,home,1,-1.6596215950144484,0.0330500472143531,1059.0
FranceLigue1,home,1,-1.0054716222139053,0.0188235294117647,1700.0
FranceLigue1,home,1,-0.7445634301548706,0.0330578512396694,1815.0
FranceLigue1,home,1,-0.5516067420767163,0.0324017820980153,2469.0
FranceLigue1,home,1,-0.4189438961612493,0.0342733188720173,2305.0
FranceLigue1,home,1,-0.3034728964561153,0.0339047619047619,2625.0
FranceLigue1,home,1,-0.1965636936369789,0.0345110928512736,2434.0
FranceLigue1,home,1,-0.1381144561036869,0.0338517840805123,2186.0
FranceLigue1,home,1,-0.075022480971084,0.0372790161414296,2602.0
FranceLigue1,home,1,0.0222126094354579,0.038490284005979,2676.0
FranceLigue1,home,1,0.0958326069455771,0.0355681460497324,3177.0
FranceLigue1,home,1,0.1391071746230033,0.039824396362496,3189.0
FranceLigue1,home,1,0.1746371235945836,0.0385556915544675,3268.0
FranceLigue1,home,1,0.2245451544565339,0.03310261811616,3323.0
FranceLigue1,home,1,0.2886762349994762,0.034201525914233,3801.0
FranceLigue1,home,1,0.3508436816193255,0.0390204520990312,3716.0
FranceLigue1,home,1,0.4064550409628081,0.0433446049800184,3253.0
FranceLigue1,home,1,0.4429938671548192,0.0401146131805157,3141.0
FranceLigue1,home,1,0.4876654957058796,0.0427000767067246,3911.0
FranceLigue1,home,1,0.5502862244805059,0.0445380680108335,3323.0
FranceLigue1,home,1,0.6138688271258065,0.0409176915799432,4228.0
FranceLigue1,home,1,0.6745299930028876,0.0485584218512898,3954.0
FranceLigue1,home,1,0.7612243869549309,0.0377800937988535,3838.0
FranceLigue1,home,1,0.8691399945915197,0.0471574534975111,3817.0
FranceLigue1,home,1,0.9569187960481972,0.0476629058254662,4343.0
FranceLigue1,home,1,1.109921276371149,0.0413807890222984,4664.0
FranceLigue1,home,1,1.251324500735847,0.0463562753036437,4940.0
FranceLigue1,home,1,1.446976621462604,0.0526147959183673,6272.0
FranceLigue1,home,1,1.7284989153487302,0.0575471698113207,5300.0
FranceLigue1,home,1,2.451212863894587,0.0619788771539744,7196.0
FranceLigue1,home,2,-1.6596215950144484,0.0441988950276243,5611.0
FranceLigue1,home,2,-1.0054716222139053,0.0433598183881952,4405.0
FranceLigue1,home,2,-0.7445634301548706,0.0484472049689441,4830.0
FranceLigue1,home,2,-0.5516067420767163,0.0649789029535864,3555.0
FranceLigue1,home,2,-0.4189438961612493,0.056786271450858,3205.0
FranceLigue1,home,2,-0.3034728964561153,0.06150061500615,3252.0
FranceLigue1,home,2,-0.1965636936369789,0.0498739142616979,3569.0
FranceLigue1,home,2,-0.1381144561036869,0.0567548746518105,2872.0
FranceLigue1,home,2,-0.075022480971084,0.0623209169054441,2792.0
FranceLigue1,home,2,0.0222126094354579,0.0658778381835625,3127.0
FranceLigue1,home,2,0.0958326069455771,0.0686029043565348,1997.0
FranceLigue1,home,2,0.1391071746230033,0.064516129032258,2263.0
FranceLigue1,home,2,0.1746371235945836,0.0626535626535626,2442.0
FranceLigue1,home,2,0.2245451544565339,0.0640657084188911,2435.0
FranceLigue1,home,2,0.2886762349994762,0.0767160161507402,2229.0
FranceLigue1,home,2,0.3508436816193255,0.0699815837937384,2172.0
FranceLigue1,home,2,0.4064550409628081,0.0755344418052256,2105.0
FranceLigue1,home,2,0.4429938671548192,0.0691533948030176,2386.0
FranceLigue1,home,2,0.4876654957058796,0.0686419753086419,2025.0
FranceLigue1,home,2,0.5502862244805059,0.0758693361433087,2847.0
FranceLigue1,home,2,0.6138688271258065,0.0683807439824945,1828.0
FranceLigue1,home,2,0.6745299930028876,0.080421885299934,1517.0
FranceLigue1,home,2,0.7612243869549309,0.0834175935288169,1978.0
FranceLigue1,home,2,0.8691399945915197,0.0915948275862068,1856.0
FranceLigue1,home,2,0.9569187960481972,0.0868834080717488,1784.0
FranceLigue1,home,2,1.109921276371149,0.081170991350632,1503.0
FranceLigue1,home,2,1.251324500735847,0.0843881856540084,1185.0
FranceLigue1,home,2,1.446976621462604,0.1019607843137254,765.0
FranceLigue1,home,2,1.7284989153487302,0.0889705882352941,1360.0
FranceLigue1,home,2,2.451212863894587,0.0765864332603938,457.0
FranceLigue1,away,0,-2.4348837808371337,0.0279132791327913,3690.0
FranceLigue1,away,0,-1.7217597490624126,0.034966544355709,4633.0
FranceLigue1,away,0,-1.4415362400927625,0.0274816394219379,4221.0
FranceLigue1,away,0,-1.247666499520863,0.0271676300578034,5190.0
FranceLigue1,away,0,-1.1053261281783202,0.0352634742536565,4991.0
FranceLigue1,away,0,-0.9545709866805668,0.0338438268103611,5289.0
FranceLigue1,away,0,-0.8662982446435985,0.0366757000903342,5535.0
FranceLigue1,away,0,-0.7590280659428965,0.0392370572207084,5505.0
FranceLigue1,away,0,-0.6730210379650985,0.0381692573402418,5790.0
FranceLigue1,away,0,-0.6126624958278964,0.0351758793969849,5174.0
FranceLigue1,away,0,-0.5484534321292055,0.0417491096161456,5054.0
FranceLigue1,away,0,-0.4863319605336875,0.0418271876719867,5451.0
FranceLigue1,away,0,-0.441799827416672,0.0391813888403008,5717.0
FranceLigue1,away,0,-0.405303000509488,0.0422366621067031,5848.0
FranceLigue1,away,0,-0.3492166729794071,0.0398000740466493,5402.0
FranceLigue1,away,0,-0.2872936382580912,0.0384542166381115,5253.0
FranceLigue1,away,0,-0.2235231848565273,0.0438676658746115,5471.0
FranceLigue1,away,0,-0.1739313327061497,0.0477747502270663,5505.0
FranceLigue1,away,0,-0.138464181853254,0.0417812929848693,5816.0
FranceLigue1,away,0,-0.0949063559206273,0.0406570174012034,6149.0
FranceLigue1,away,0,-0.0206457122643995,0.0557212076034289,5366.0
FranceLigue1,away,0,0.0772365021123018,0.0410843576359656,5939.0
FranceLigue1,away,0,0.1393060142129357,0.0504579784669773,6223.0
FranceLigue1,away,0,0.1979279199727518,0.0499021526418786,5110.0
FranceLigue1,away,0,0.3056459104502543,0.0520391216091529,5419.0
FranceLigue1,away,0,0.4206812989289801,0.0510473508185178,5681.0
FranceLigue1,away,0,0.5544096547808033,0.0583995564590648,5411.0
FranceLigue1,away,0,0.746516629751022,0.0594167945625959,4561.0
FranceLigue1,away,0,1.0083635650925615,0.0616197183098591,5112.0
FranceLigue1,away,0,1.6608447551553862,0.0696842105263157,4750.0
FranceLigue1,away,1,-2.4348837808371337,0.0323809523809523,525.0
FranceLigue1,away,1,-1.7217597490624126,0.0276162790697674,1376.0
FranceLigue1,away,1,-1.4415362400927625,0.0272206303724928,698.0
FranceLigue1,away,1,-1.247666499520863,0.0193548387096774,1240.0
FranceLigue1,away,1,-1.1053261281783202,0.019570707070707,1584.0
FranceLigue1,away,1,-0.9545709866805668,0.0257510729613733,1631.0
FranceLigue1,away,1,-0.8662982446435985,0.0337982832618025,1864.0
FranceLigue1,away,1,-0.7590280659428965,0.0231155778894472,1990.0
FranceLigue1,away,1,-0.6730210379650985,0.0267201068804275,1497.0
FranceLigue1,away,1,-0.6126624958278964,0.0338718082334549,1919.0
FranceLigue1,away,1,-0.5484534321292055,0.0292126825792661,2807.0
FranceLigue1,away,1,-0.4863319605336875,0.0301980198019801,2020.0
FranceLigue1,away,1,-0.441799827416672,0.0286532951289398,2443.0
FranceLigue1,away,1,-0.405303000509488,0.0297415894685519,2051.0
FranceLigue1,away,1,-0.3492166729794071,0.0299591466182478,2203.0
FranceLigue1,away,1,-0.2872936382580912,0.0286363636363636,2200.0
FranceLigue1,away,1,-0.2235231848565273,0.0265306122448979,2450.0
FranceLigue1,away,1,-0.1739313327061497,0.0269607843137254,2448.0
FranceLigue1,away,1,-0.138464181853254,0.0310950878774222,2219.0
FranceLigue1,away,1,-0.0949063559206273,0.0279329608938547,1969.0
FranceLigue1,away,1,-0.0206457122643995,0.0332401366884125,3219.0
FranceLigue1,away,1,0.0772365021123018,0.0369692532942899,2732.0
FranceLigue1,away,1,0.1393060142129357,0.0320490964882373,2933.0
FranceLigue1,away,1,0.1979279199727518,0.0412621359223301,3708.0
FranceLigue1,away,1,0.3056459104502543,0.0422047244094488,3175.0
FranceLigue1,away,1,0.4206812989289801,0.0445958501083926,3229.0
FranceLigue1,away,1,0.5544096547808033,0.0403574517151917,3469.0
FranceLigue1,away,1,0.746516629751022,0.0383022774327122,4830.0
FranceLigue1,away,1,1.0083635650925615,0.045323261497445,4501.0
FranceLigue1,away,1,1.6608447551553862,0.0539516420064958,5542.0
FranceLigue1,away,2,-2.4348837808371337,0.0393612550777419,7139.0
FranceLigue1,away,2,-1.7217597490624126,0.0375524208921082,5246.0
FranceLigue1,away,2,-1.4415362400927625,0.04174543163201,6348.0
FranceLigue1,away,2,-1.247666499520863,0.0449182363899813,4831.0
FranceLigue1,away,2,-1.1053261281783202,0.0433112865372306,4687.0
FranceLigue1,away,2,-0.9545709866805668,0.0520857340401014,4339.0
FranceLigue1,away,2,-0.8662982446435985,0.0445711324177248,3859.0
FranceLigue1,away,2,-0.7590280659428965,0.0494680851063829,3760.0
FranceLigue1,away,2,-0.6730210379650985,0.0483262018625723,3973.0
FranceLigue1,away,2,-0.6126624958278964,0.0540865384615384,4160.0
FranceLigue1,away,2,-0.5484534321292055,0.0529411764705882,3400.0
FranceLigue1,away,2,-0.4863319605336875,0.0455143383320178,3801.0
FranceLigue1,away,2,-0.441799827416672,0.045326664582682,3199.0
FranceLigue1,away,2,-0.405303000509488,0.0596695226438188,3268.0
FranceLigue1,away,2,-0.3492166729794071,0.0548095368594135,3649.0
FranceLigue1,away,2,-0.2872936382580912,0.0602314571278274,3802.0
FranceLigue1,away,2,-0.2235231848565273,0.0617691154422788,3335.0
FranceLigue1,away,2,-0.1739313327061497,0.0517711171662125,3303.0
FranceLigue1,away,2,-0.138464181853254,0.0604089219330855,3228.0
FranceLigue1,away,2,-0.0949063559206273,0.0577168367346938,3136.0
FranceLigue1,away,2,-0.0206457122643995,0.0569715142428785,2668.0
FranceLigue1,away,2,0.0772365021123018,0.0592563903950426,2582.0
FranceLigue1,away,2,0.1393060142129357,0.0634239389604196,2097.0
FranceLigue1,away,2,0.1979279199727518,0.0640920295809367,2434.0
FranceLigue1,away,2,0.3056459104502543,0.0622889305816135,2665.0
FranceLigue1,away,2,0.4206812989289801,0.0736483610046828,2349.0
FranceLigue1,away,2,0.5544096547808033,0.0725366876310272,2385.0
FranceLigue1,away,2,0.746516629751022,0.0636363636363636,1870.0
FranceLigue1,away,2,1.0083635650925615,0.0808510638297872,1645.0
FranceLigue1,away,2,1.6608447551553862,0.0755429650613786,1059.0
GermanyBundesligaI,home,0,-1.9022927091456097,0.0261164794985635,3829.0
GermanyBundesligaI,home,0,-1.240300693587557,0.0329935622317596,3728.0
GermanyBundesligaI,home,0,-0.8991363187988006,0.038964241676942,4055.0
GermanyBundesligaI,home,0,-0.658392163373027,0.038162705667276,4376.0
GermanyBundesligaI,home,0,-0.469784950634153,0.0413260672116257,4404.0
GermanyBundesligaI,home,0,-0.3601817507494027,0.0440060698027314,4613.0
GermanyBundesligaI,home,0,-0.2364618877064201,0.0418884517472807,4321.0
GermanyBundesligaI,home,0,-0.1556775756349554,0.0522388059701492,4422.0
GermanyBundesligaI,home,0,-0.1071334939568822,0.0506150433555152,4959.0
GermanyBundesligaI,home,0,-0.0215120355891812,0.0483396385035729,4758.0
GermanyBundesligaI,home,0,0.0667521195454659,0.0511965476657512,5098.0
GermanyBundesligaI,home,0,0.1192813706150558,0.0516411378555798,4570.0
GermanyBundesligaI,home,0,0.1564447664845252,0.0569899976738776,4299.0
GermanyBundesligaI,home,0,0.1988009156263517,0.0451286377056094,4742.0
GermanyBundesligaI,home,0,0.2713372310563385,0.06168182826714,4507.0
GermanyBundesligaI,home,0,0.3495546856039269,0.0574819641610425,4297.0
GermanyBundesligaI,home,0,0.4023268802569308,0.0511627906976744,4085.0
GermanyBundesligaI,home,0,0.4403506918282728,0.060443407234539,4285.0
GermanyBundesligaI,home,0,0.5042957374001821,0.0576256499133448,4616.0
GermanyBundesligaI,home,0,0.580481902140757,0.0567761046655146,4051.0
GermanyBundesligaI,home,0,0.6614831164226426,0.0599178022928834,4623.0
GermanyBundesligaI,home,0,0.7507702611615595,0.0635583901473499,4547.0
GermanyBundesligaI,home,0,0.8637126282338367,0.067699642431466,4195.0
GermanyBundesligaI,home,0,0.9492807503400534,0.0622212784030579,4709.0
GermanyBundesligaI,home,0,1.0873518964353082,0.0707831325301204,3984.0
GermanyBundesligaI,home,0,1.222388898937745,0.0782337413006959,4167.0
GermanyBundesligaI,home,0,1.4013069785515462,0.0758509782900026,3731.0
GermanyBundesligaI,home,0,1.6678970141514182,0.0745661605206073,3688.0
GermanyBundesligaI,home,0,2.059282204946024,0.0804195804195804,3432.0
GermanyBundesligaI,home,0,2.722435842586533,0.0964360587002096,3339.0
GermanyBundesligaI,home,1,-1.9022927091456097,0.016008537886873,937.0
GermanyBundesligaI,home,1,-1.240300693587557,0.0271317829457364,1548.0
GermanyBundesligaI,home,1,-0.8991363187988006,0.0248520710059171,1690.0
GermanyBundesligaI,home,1,-0.658392163373027,0.0287081339712918,1672.0
GermanyBundesligaI,home,1,-0.469784950634153,0.0271920088790233,1802.0
GermanyBundesligaI,home,1,-0.3601817507494027,0.0328247803975959,2163.0
GermanyBundesligaI,home,1,-0.2364618877064201,0.0432098765432098,2592.0
GermanyBundesligaI,home,1,-0.1556775756349554,0.0381194409148665,2361.0
GermanyBundesligaI,home,1,-0.1071334939568822,0.0379931807111544,2053.0
GermanyBundesligaI,home,1,-0.0215120355891812,0.0420517560073937,2164.0
GermanyBundesligaI,home,1,0.0667521195454659,0.0423108218063466,2458.0
GermanyBundesligaI,home,1,0.1192813706150558,0.041411595246669,2777.0
GermanyBundesligaI,home,1,0.1564447664845252,0.0391949152542372,2832.0
GermanyBundesligaI,home,1,0.1988009156263517,0.0558292282430213,3045.0
GermanyBundesligaI,home,1,0.2713372310563385,0.0435771125426297,2639.0
GermanyBundesligaI,home,1,0.3495546856039269,0.0396567031666173,3379.0
GermanyBundesligaI,home,1,0.4023268802569308,0.0487865899424568,3997.0
GermanyBundesligaI,home,1,0.4403506918282728,0.0490030415680973,2959.0
GermanyBundesligaI,home,1,0.5042957374001821,0.042908614477563,3053.0
GermanyBundesligaI,home,1,0.580481902140757,0.0457317073170731,3936.0
GermanyBundesligaI,home,1,0.6614831164226426,0.0490252293577981,3488.0
GermanyBundesligaI,home,1,0.7507702611615595,0.0479714912280701,3648.0
GermanyBundesligaI,home,1,0.8637126282338367,0.047148288973384,3945.0
GermanyBundesligaI,home,1,0.9492807503400534,0.0434441245747186,3821.0
GermanyBundesligaI,home,1,1.0873518964353082,0.0564971751412429,4071.0
GermanyBundesligaI,home,1,1.222388898937745,0.0610445399050418,4423.0
GermanyBundesligaI,home,1,1.4013069785515462,0.0564724597335454,5029.0
GermanyBundesligaI,home,1,1.6678970141514182,0.0533124264994119,5102.0
GermanyBundesligaI,home,1,2.059282204946024,0.0639104873885833,5273.0
GermanyBundesligaI,home,1,2.722435842586533,0.07828418230563,5595.0
GermanyBundesligaI,home,2,-1.9022927091456097,0.0394736842105263,4940.0
GermanyBundesligaI,home,2,-1.240300693587557,0.0399368231046931,4432.0
GermanyBundesligaI,home,2,-0.8991363187988006,0.0437144335230212,3866.0
GermanyBundesligaI,home,2,-0.658392163373027,0.0486205954657197,3661.0
GermanyBundesligaI,home,2,-0.469784950634153,0.0547058823529411,3400.0
GermanyBundesligaI,home,2,-0.3601817507494027,0.0584615384615384,2925.0
GermanyBundesligaI,home,2,-0.2364618877064201,0.053763440860215,2697.0
GermanyBundesligaI,home,2,-0.1556775756349554,0.0589242891401164,2919.0
GermanyBundesligaI,home,2,-0.1071334939568822,0.059299191374663,2597.0
GermanyBundesligaI,home,2,-0.0215120355891812,0.0697089471793029,2783.0
GermanyBundesligaI,home,2,0.0667521195454659,0.0701412566975158,2053.0
GermanyBundesligaI,home,2,0.1192813706150558,0.0721823554242296,2369.0
GermanyBundesligaI,home,2,0.1564447664845252,0.0631028938906752,2488.0
GermanyBundesligaI,home,2,0.1988009156263517,0.0554979253112033,1928.0
GermanyBundesligaI,home,2,0.2713372310563385,0.0738936256597645,2463.0
GermanyBundesligaI,home,2,0.3495546856039269,0.0708699902248289,2046.0
GermanyBundesligaI,home,2,0.4023268802569308,0.0901960784313725,1530.0
GermanyBundesligaI,home,2,0.4403506918282728,0.0736543909348441,2471.0
GermanyBundesligaI,home,2,0.5042957374001821,0.0658436213991769,1944.0
GermanyBundesligaI,home,2,0.580481902140757,0.0848729792147806,1732.0
GermanyBundesligaI,home,2,0.6614831164226426,0.0803750837240455,1493.0
GermanyBundesligaI,home,2,0.7507702611615595,0.072799470549305,1511.0
GermanyBundesligaI,home,2,0.8637126282338367,0.0804911323328785,1466.0
GermanyBundesligaI,home,2,0.9492807503400534,0.0695504664970313,1179.0
GermanyBundesligaI,home,2,1.0873518964353082,0.0708306503541532,1553.0
GermanyBundesligaI,home,2,1.222388898937745,0.0690582959641255,1115.0
GermanyBundesligaI,home,2,1.4013069785515462,0.0839243498817966,846.0
GermanyBundesligaI,home,2,1.6678970141514182,0.0752453653217012,917.0
GermanyBundesligaI,home,2,2.059282204946024,0.1130820399113082,902.0
GermanyBundesligaI,home,2,2.722435842586533,0.0911458333333333,768.0
GermanyBundesligaI,away,0,-2.722435842586533,0.0233602875112309,3339.0
GermanyBundesligaI,away,0,-2.059282204946024,0.0279720279720279,3432.0
GermanyBundesligaI,away,0,-1.6648305215769,0.0294695481335952,3563.0
GermanyBundesligaI,away,0,-1.3953678210052802,0.030408108829021,3749.0
GermanyBundesligaI,away,0,-1.2185546892565111,0.0368871965730604,4202.0
GermanyBundesligaI,away,0,-1.0814151440289943,0.0416150606886301,4037.0
GermanyBundesligaI,away,0,-0.9460329562084416,0.0409468969929622,4689.0
GermanyBundesligaI,away,0,-0.8605253518355361,0.0357824427480916,4192.0
GermanyBundesligaI,away,0,-0.7470194807710883,0.0420683610867659,4564.0
GermanyBundesligaI,away,0,-0.6582250085816689,0.0397096498719043,4684.0
GermanyBundesligaI,away,0,-0.5771300891384152,0.0339670468948035,3945.0
GermanyBundesligaI,away,0,-0.501490693155926,0.0411904248436489,4637.0
GermanyBundesligaI,away,0,-0.4384007556829427,0.0377793135222299,4341.0
GermanyBundesligaI,away,0,-0.4005939934742382,0.0358024691358024,4050.0
GermanyBundesligaI,away,0,-0.34663232098883,0.0363810435615126,4178.0
GermanyBundesligaI,away,0,-0.2678690972909172,0.0448060633080695,4486.0
GermanyBundesligaI,away,0,-0.1966288230486085,0.0492174629324546,4856.0
GermanyBundesligaI,away,0,-0.1547947441635379,0.0389086595492289,4215.0
GermanyBundesligaI,away,0,-0.117402248335055,0.0494101936345426,4493.0
GermanyBundesligaI,away,0,-0.0635576253074025,0.0420675344274665,5301.0
GermanyBundesligaI,away,0,0.0259283285736128,0.0469047115994084,4733.0
GermanyBundesligaI,away,0,0.1101860701379466,0.0537319673844867,4783.0
GermanyBundesligaI,away,0,0.158776928652858,0.0504681434117378,4379.0
GermanyBundesligaI,away,0,0.2419630994548006,0.0478675136116152,4408.0
GermanyBundesligaI,away,0,0.3658041781377117,0.0517316966242875,4562.0
GermanyBundesligaI,away,0,0.4770850825187578,0.0560684530511146,4441.0
GermanyBundesligaI,away,0,0.668495935218781,0.0561177552897884,4348.0
GermanyBundesligaI,away,0,0.9101699117732216,0.0557729941291585,4088.0
GermanyBundesligaI,away,0,1.2554947742652212,0.0637493246893571,3702.0
GermanyBundesligaI,away,0,1.915718036414404,0.0764110756123535,3756.0
GermanyBundesligaI,away,1,-2.722435842586533,0.01171875,768.0
GermanyBundesligaI,away,1,-2.059282204946024,0.0232815964523281,902.0
GermanyBundesligaI,away,1,-1.6648305215769,0.0412698412698412,945.0
GermanyBundesligaI,away,1,-1.3953678210052802,0.0293398533007334,818.0
GermanyBundesligaI,away,1,-1.2185546892565111,0.0360738255033557,1192.0
GermanyBundesligaI,away,1,-1.0814151440289943,0.0313700384122919,1562.0
GermanyBundesligaI,away,1,-0.9460329562084416,0.0211148648648648,1184.0
GermanyBundesligaI,away,1,-0.8605253518355361,0.0309065934065934,1456.0
GermanyBundesligaI,away,1,-0.7470194807710883,0.03006993006993,1430.0
GermanyBundesligaI,away,1,-0.6582250085816689,0.032849020846494,1583.0
GermanyBundesligaI,away,1,-0.5771300891384152,0.0319817247287264,1751.0
GermanyBundesligaI,away,1,-0.501490693155926,0.0313289540171803,1979.0
GermanyBundesligaI,away,1,-0.4384007556829427,0.0312764158918005,2366.0
GermanyBundesligaI,away,1,-0.4005939934742382,0.0417737789203084,1556.0
GermanyBundesligaI,away,1,-0.34663232098883,0.0323359073359073,2072.0
GermanyBundesligaI,away,1,-0.2678690972909172,0.0406905055487053,2433.0
GermanyBundesligaI,away,1,-0.1966288230486085,0.0377358490566037,1961.0
GermanyBundesligaI,away,1,-0.1547947441635379,0.033186725309876,2501.0
GermanyBundesligaI,away,1,-0.117402248335055,0.0374094931617055,2486.0
GermanyBundesligaI,away,1,-0.0635576253074025,0.0405616224648986,1923.0
GermanyBundesligaI,away,1,0.0259283285736128,0.0336872940314902,2731.0
GermanyBundesligaI,away,1,0.1101860701379466,0.0469314079422382,2770.0
GermanyBundesligaI,away,1,0.158776928652858,0.0427502671891699,2807.0
GermanyBundesligaI,away,1,0.2419630994548006,0.0469583778014941,2811.0
GermanyBundesligaI,away,1,0.3658041781377117,0.0355798836811495,2923.0
GermanyBundesligaI,away,1,0.4770850825187578,0.0431633835457705,3452.0
GermanyBundesligaI,away,1,0.668495935218781,0.0455445544554455,3535.0
GermanyBundesligaI,away,1,0.9101699117732216,0.0468709760494463,3883.0
GermanyBundesligaI,away,1,1.2554947742652212,0.0499771793701506,4382.0
GermanyBundesligaI,away,1,1.915718036414404,0.0565302144249512,5130.0
GermanyBundesligaI,away,2,-2.722435842586533,0.0280607685433422,5595.0
GermanyBundesligaI,away,2,-2.059282204946024,0.0354636829129527,5273.0
GermanyBundesligaI,away,2,-1.6648305215769,0.039045970378919,5199.0
GermanyBundesligaI,away,2,-1.3953678210052802,0.0363167295098233,5039.0
GermanyBundesligaI,away,2,-1.2185546892565111,0.0384432842904603,4214.0
GermanyBundesligaI,away,2,-1.0814151440289943,0.0435947394057476,4106.0
GermanyBundesligaI,away,2,-0.9460329562084416,0.045964724746125,3742.0
GermanyBundesligaI,away,2,-0.8605253518355361,0.0457648546144121,3955.0
GermanyBundesligaI,away,2,-0.7470194807710883,0.0452586206896551,3712.0
GermanyBundesligaI,away,2,-0.6582250085816689,0.0443379269023367,3338.0
GermanyBundesligaI,away,2,-0.5771300891384152,0.0529587270014918,4022.0
GermanyBundesligaI,away,2,-0.501490693155926,0.048048048048048,2997.0
GermanyBundesligaI,away,2,-0.4384007556829427,0.041222947440742,2911.0
GermanyBundesligaI,away,2,-0.4005939934742382,0.0531318547404338,4103.0
GermanyBundesligaI,away,2,-0.34663232098883,0.0568888888888888,3375.0
GermanyBundesligaI,away,2,-0.2678690972909172,0.0617100371747211,2690.0
GermanyBundesligaI,away,2,-0.1966288230486085,0.0610766045548654,2898.0
GermanyBundesligaI,away,2,-0.1547947441635379,0.0644161212538753,2903.0
GermanyBundesligaI,away,2,-0.117402248335055,0.0560393790230973,2641.0
GermanyBundesligaI,away,2,-0.0635576253074025,0.0572349858927851,2481.0
GermanyBundesligaI,away,2,0.0259283285736128,0.0625,2144.0
GermanyBundesligaI,away,2,0.1101860701379466,0.0692057594054807,2153.0
GermanyBundesligaI,away,2,0.158776928652858,0.0541546093427035,2419.0
GermanyBundesligaI,away,2,0.2419630994548006,0.0648264324550397,2391.0
GermanyBundesligaI,away,2,0.3658041781377117,0.072653429602888,2216.0
GermanyBundesligaI,away,2,0.4770850825187578,0.0542907180385289,1713.0
GermanyBundesligaI,away,2,0.668495935218781,0.079814921920185,1729.0
GermanyBundesligaI,away,2,0.9101699117732216,0.0673575129533678,1737.0
GermanyBundesligaI,away,2,1.2554947742652212,0.0694171578258022,1527.0
GermanyBundesligaI,away,2,1.915718036414404,0.0865853658536585,820.0
ItalySerieA,home,0,-1.5421971922240754,0.031893419459023,4954.0
ItalySerieA,home,0,-1.1350854078843406,0.0344281757024139,5054.0
ItalySerieA,home,0,-0.9216502678229948,0.0373636946760744,6236.0
ItalySerieA,home,0,-0.7582278275153476,0.0344098423683198,5202.0
ItalySerieA,home,0,-0.6215380465106576,0.0452644973641156,5501.0
ItalySerieA,home,0,-0.4813225680293284,0.0414391262447799,6226.0
ItalySerieA,home,0,-0.3888582644444606,0.0478812145478812,5994.0
ItalySerieA,home,0,-0.2879445662784307,0.0466588901849691,6001.0
ItalySerieA,home,0,-0.190653554581564,0.0546058091286307,6025.0
ItalySerieA,home,0,-0.1295560398112152,0.0504579229307067,5787.0
ItalySerieA,home,0,-0.0515156351279234,0.0521262002743484,6561.0
ItalySerieA,home,0,0.0551919413392147,0.061744966442953,5960.0
ItalySerieA,home,0,0.1215756788346554,0.052002483700714,6442.0
ItalySerieA,home,0,0.167270205318901,0.0544918998527245,6111.0
ItalySerieA,home,0,0.2283053541632428,0.0524849047840223,6459.0
ItalySerieA,home,0,0.311265311388245,0.0514219576719576,6048.0
ItalySerieA,home,0,0.382753751806172,0.0652746095806281,5699.0
ItalySerieA,home,0,0.4363806185829274,0.0554486618856043,5717.0
ItalySerieA,home,0,0.5100851769586633,0.0609422492401215,6580.0
ItalySerieA,home,0,0.6056709909361235,0.0652332361516035,5488.0
ItalySerieA,home,0,0.6939500177919419,0.0581044876088412,5972.0
ItalySerieA,home,0,0.7955881919979383,0.0677049180327868,6100.0
ItalySerieA,home,0,0.9062308955233912,0.068030524435785,6159.0
ItalySerieA,home,0,0.9943662345507442,0.0675543371842569,5107.0
ItalySerieA,home,0,1.1451283414518736,0.0892573646145704,5669.0
ItalySerieA,home,0,1.249595172148133,0.0855594270228416,5166.0
ItalySerieA,home,0,1.4182725787586086,0.0821065726726104,4823.0
ItalySerieA,home,0,1.5795275532843889,0.0903414634146341,5125.0
ItalySerieA,home,0,1.8158790961050828,0.0875326239710901,4981.0
ItalySerieA,home,0,2.237611307884992,0.1023564064801178,4074.0
ItalySerieA,home,1,-1.5421971922240754,0.0242130750605326,413.0
ItalySerieA,home,1,-1.1350854078843406,0.031163434903047,1444.0
ItalySerieA,home,1,-0.9216502678229948,0.0297699594046008,1478.0
ItalySerieA,home,1,-0.7582278275153476,0.0361392684001762,2269.0
ItalySerieA,home,1,-0.6215380465106576,0.0313479623824451,1595.0
ItalySerieA,home,1,-0.4813225680293284,0.0289672544080604,1588.0
ItalySerieA,home,1,-0.3888582644444606,0.0313390313390313,1755.0
ItalySerieA,home,1,-0.2879445662784307,0.0300853165693758,2227.0
ItalySerieA,home,1,-0.190653554581564,0.0327529021558872,2412.0
ItalySerieA,home,1,-0.1295560398112152,0.0382899628252788,2690.0
ItalySerieA,home,1,-0.0515156351279234,0.0336521431101664,2823.0
ItalySerieA,home,1,0.0551919413392147,0.0432154729525536,3309.0
ItalySerieA,home,1,0.1215756788346554,0.0391595033428844,3141.0
ItalySerieA,home,1,0.167270205318901,0.0360735345126604,2883.0
ItalySerieA,home,1,0.2283053541632428,0.0384242815628027,3097.0
ItalySerieA,home,1,0.311265311388245,0.0413464086933474,3773.0
ItalySerieA,home,1,0.382753751806172,0.0357679591223324,3327.0
ItalySerieA,home,1,0.4363806185829274,0.03968642822146,4082.0
ItalySerieA,home,1,0.5100851769586633,0.0411418975650713,3573.0
ItalySerieA,home,1,0.6056709909361235,0.0421480530594779,4674.0
ItalySerieA,home,1,0.6939500177919419,0.0493295019157088,4176.0
ItalySerieA,home,1,0.7955881919979383,0.0393644771164334,4217.0
ItalySerieA,home,1,0.9062308955233912,0.0501583949313622,3788.0
ItalySerieA,home,1,0.9943662345507442,0.0482617586912065,4890.0
ItalySerieA,home,1,1.1451283414518736,0.0520381613183,4612.0
ItalySerieA,home,1,1.249595172148133,0.0521856345079915,5193.0
ItalySerieA,home,1,1.4182725787586086,0.0570415726716081,6206.0
ItalySerieA,home,1,1.5795275532843889,0.0572586328400281,5676.0
ItalySerieA,home,1,1.8158790961050828,0.0591633117451426,5713.0
ItalySerieA,home,1,2.237611307884992,0.0734009580163426,7098.0
ItalySerieA,home,2,-1.5421971922240754,0.0412418201187033,6571.0
ItalySerieA,home,2,-1.1350854078843406,0.0447397978285286,5342.0
ItalySerieA,home,2,-0.9216502678229948,0.0450130300876569,4221.0
ItalySerieA,home,2,-0.7582278275153476,0.0519807648271124,4367.0
ItalySerieA,home,2,-0.6215380465106576,0.0459888636832336,4849.0
ItalySerieA,home,2,-0.4813225680293284,0.0638771973260708,4039.0
ItalySerieA,home,2,-0.3888582644444606,0.0561932089909134,4182.0
ItalySerieA,home,2,-0.2879445662784307,0.0575858250276854,3612.0
ItalySerieA,home,2,-0.190653554581564,0.0602857142857142,3500.0
ItalySerieA,home,2,-0.1295560398112152,0.0576523031203566,3365.0
ItalySerieA,home,2,-0.0515156351279234,0.0624263839811543,2547.0
ItalySerieA,home,2,0.0551919413392147,0.0630105017502917,2571.0
ItalySerieA,home,2,0.1215756788346554,0.0692144373673036,2355.0
ItalySerieA,home,2,0.167270205318901,0.072733661278988,2846.0
ItalySerieA,home,2,0.2283053541632428,0.0709963695038321,2479.0
ItalySerieA,home,2,0.311265311388245,0.0762843798650752,1927.0
ItalySerieA,home,2,0.382753751806172,0.0668953687821612,2915.0
ItalySerieA,home,2,0.4363806185829274,0.0822784810126582,2054.0
ItalySerieA,home,2,0.5100851769586633,0.0685413005272407,1707.0
ItalySerieA,home,2,0.6056709909361235,0.0767061477721376,1773.0
ItalySerieA,home,2,0.6939500177919419,0.0743801652892562,1694.0
ItalySerieA,home,2,0.7955881919979383,0.0874384236453202,1624.0
ItalySerieA,home,2,0.9062308955233912,0.0859704641350211,1896.0
ItalySerieA,home,2,0.9943662345507442,0.0878099173553719,1936.0
ItalySerieA,home,2,1.1451283414518736,0.1047254150702426,1566.0
ItalySerieA,home,2,1.249595172148133,0.1041931385006353,1574.0
ItalySerieA,home,2,1.4182725787586086,0.0968523002421307,826.0
ItalySerieA,home,2,1.5795275532843889,0.1134564643799472,1137.0
ItalySerieA,home,2,1.8158790961050828,0.0996503496503496,1144.0
ItalySerieA,home,2,2.237611307884992,0.128440366972477,763.0
ItalySerieA,away,0,-2.237611307884992,0.0218458517427589,4074.0
ItalySerieA,away,0,-1.814896397689852,0.0344896731501905,4987.0
ItalySerieA,away,0,-1.5785809988766242,0.0298886501269779,5119.0
ItalySerieA,away,0,-1.4152396394385185,0.0364594309799789,4745.0
ItalySerieA,away,0,-1.246666663751806,0.0347289214740497,5183.0
ItalySerieA,away,0,-1.1424988124997466,0.0291550279329608,5728.0
ItalySerieA,away,0,-0.991595209396384,0.0356106057673698,5167.0
ItalySerieA,away,0,-0.9044342457231024,0.0358758888170652,6188.0
ItalySerieA,away,0,-0.7930792151241778,0.0345232109937992,5967.0
ItalySerieA,away,0,-0.6922833075652651,0.0336650082918739,6030.0
ItalySerieA,away,0,-0.6036540947472036,0.0477866271531765,5399.0
ItalySerieA,away,0,-0.5082549568546748,0.0388291517323775,6696.0
ItalySerieA,away,0,-0.4350873112416043,0.0405192071566391,5701.0
ItalySerieA,away,0,-0.3812040405429221,0.0414786532454009,5762.0
ItalySerieA,away,0,-0.3089483278125044,0.0406134142231209,5934.0
ItalySerieA,away,0,-0.2260778879378013,0.0417051400430901,6498.0
ItalySerieA,away,0,-0.1664487664067461,0.0432831035588329,6238.0
ItalySerieA,away,0,-0.1208125841732459,0.0458051314339682,6353.0
ItalySerieA,away,0,-0.0536928977785762,0.0470746469401479,5948.0
ItalySerieA,away,0,0.0532429505658506,0.0452801227935533,6515.0
ItalySerieA,away,0,0.1304809693274225,0.0506028188147393,5889.0
ItalySerieA,away,0,0.1919242446115561,0.0424995800436754,5953.0
ItalySerieA,away,0,0.2896465283451958,0.0483091787439613,6003.0
ItalySerieA,away,0,0.3902237444746644,0.0586394333717674,6071.0
ItalySerieA,away,0,0.4835553185669912,0.0545097397282697,6109.0
ItalySerieA,away,0,0.6228297423630306,0.060632844263744,5657.0
ItalySerieA,away,0,0.7596749954016503,0.061601243684415,5146.0
ItalySerieA,away,0,0.9227823959733166,0.0680185214753313,6263.0
ItalySerieA,away,0,1.1372059952478597,0.0669291338582677,5080.0
ItalySerieA,away,0,1.5450008904487853,0.0806875631951466,4945.0
ItalySerieA,away,1,-2.237611307884992,0.019659239842726,763.0
ItalySerieA,away,1,-1.814896397689852,0.0384615384615384,1144.0
ItalySerieA,away,1,-1.5785809988766242,0.0351802990325417,1137.0
ItalySerieA,away,1,-1.4152396394385185,0.0242130750605326,826.0
ItalySerieA,away,1,-1.246666663751806,0.0267639902676399,1644.0
ItalySerieA,away,1,-1.1424988124997466,0.0234375,1536.0
ItalySerieA,away,1,-0.991595209396384,0.0316455696202531,1896.0
ItalySerieA,away,1,-0.9044342457231024,0.0253623188405797,1932.0
ItalySerieA,away,1,-0.7930792151241778,0.0217129071170084,1658.0
ItalySerieA,away,1,-0.6922833075652651,0.0252463054187192,1624.0
ItalySerieA,away,1,-0.6036540947472036,0.0360970107163,1773.0
ItalySerieA,away,1,-0.5082549568546748,0.0343275182892515,1777.0
ItalySerieA,away,1,-0.4350873112416043,0.0254652301665034,2042.0
ItalySerieA,away,1,-0.3812040405429221,0.034794711203897,2874.0
ItalySerieA,away,1,-0.3089483278125044,0.0278456277479237,2047.0
ItalySerieA,away,1,-0.2260778879378013,0.0316379655586704,2497.0
ItalySerieA,away,1,-0.1664487664067461,0.0327567169672432,2717.0
ItalySerieA,away,1,-0.1208125841732459,0.0339607201309328,2444.0
ItalySerieA,away,1,-0.0536928977785762,0.0394049055086449,2487.0
ItalySerieA,away,1,0.0532429505658506,0.0436949022614028,2609.0
ItalySerieA,away,1,0.1304809693274225,0.0345449083808951,3329.0
ItalySerieA,away,1,0.1919242446115561,0.039319576129392,3586.0
ItalySerieA,away,1,0.2896465283451958,0.0296752519596864,3572.0
ItalySerieA,away,1,0.3902237444746644,0.0420537897310513,4090.0
ItalySerieA,away,1,0.4835553185669912,0.044903777619387,4209.0
ItalySerieA,away,1,0.6228297423630306,0.0409168808911739,4668.0
ItalySerieA,away,1,0.7596749954016503,0.0411420863309352,4448.0
ItalySerieA,away,1,0.9227823959733166,0.0487922705314009,4140.0
ItalySerieA,away,1,1.1372059952478597,0.0454630147195826,5367.0
ItalySerieA,away,1,1.5450008904487853,0.053622968251557,6583.0
ItalySerieA,away,2,-2.237611307884992,0.0339532262609185,7098.0
ItalySerieA,away,2,-1.814896397689852,0.0432460372157133,5804.0
ItalySerieA,away,2,-1.5785809988766242,0.0393912264995523,5585.0
ItalySerieA,away,2,-1.4152396394385185,0.0396489578435981,6381.0
ItalySerieA,away,2,-1.246666663751806,0.0425234577760031,5009.0
ItalySerieA,away,2,-1.1424988124997466,0.0395130286202477,4682.0
ItalySerieA,away,2,-0.991595209396384,0.0425487319220289,4771.0
ItalySerieA,away,2,-0.9044342457231024,0.0437172774869109,3820.0
ItalySerieA,away,2,-0.7930792151241778,0.0521450580706328,4219.0
ItalySerieA,away,2,-0.6922833075652651,0.0469078179696616,4285.0
ItalySerieA,away,2,-0.6036540947472036,0.0550792970424346,4666.0
ItalySerieA,away,2,-0.5082549568546748,0.0516647531572904,3484.0
ItalySerieA,away,2,-0.4350873112416043,0.0600973236009732,4110.0
ItalySerieA,away,2,-0.3812040405429221,0.0580937972768532,3305.0
ItalySerieA,away,2,-0.3089483278125044,0.0600414078674948,3864.0
ItalySerieA,away,2,-0.2260778879378013,0.0533106960950764,2945.0
ItalySerieA,away,2,-0.1664487664067461,0.0679847381200138,2883.0
ItalySerieA,away,2,-0.1208125841732459,0.0716332378223495,3141.0
ItalySerieA,away,2,-0.0536928977785762,0.0622613803230543,3405.0
ItalySerieA,away,2,0.0532429505658506,0.0651941574634841,2807.0
ItalySerieA,away,2,0.1304809693274225,0.0590701219512195,2624.0
ItalySerieA,away,2,0.1919242446115561,0.0683903252710592,2398.0
ItalySerieA,away,2,0.2896465283451958,0.0701986754966887,2265.0
ItalySerieA,away,2,0.3902237444746644,0.0785310734463276,1770.0
ItalySerieA,away,2,0.4835553185669912,0.0736156351791531,1535.0
ItalySerieA,away,2,0.6228297423630306,0.0888888888888888,1620.0
ItalySerieA,away,2,0.7596749954016503,0.0762032085561497,2244.0
ItalySerieA,away,2,0.9227823959733166,0.0763707571801566,1532.0
ItalySerieA,away,2,1.1372059952478597,0.0808876163206871,1397.0
ItalySerieA,away,2,1.5450008904487853,0.1108374384236453,406.0
NetherlandsEredivisie,home,0,-2.102464611280477,0.0327129159616469,3546.0
NetherlandsEredivisie,home,0,-1.4677081395815614,0.0392838054516301,3742.0
NetherlandsEredivisie,home,0,-1.1609365453882838,0.0368806931792934,4501.0
NetherlandsEredivisie,home,0,-0.9042802451194564,0.0335195530726257,4296.0
NetherlandsEredivisie,home,0,-0.6769687920825098,0.0487244311652493,4351.0
NetherlandsEredivisie,home,0,-0.4940184312024365,0.0413971539456662,3865.0
NetherlandsEredivisie,home,0,-0.3668658925575124,0.0425101214574898,4446.0
NetherlandsEredivisie,home,0,-0.2428448465151418,0.0472503474290252,5037.0
NetherlandsEredivisie,home,0,-0.1569022717723765,0.0467211397443955,4773.0
NetherlandsEredivisie,home,0,-0.0927809246265194,0.0501734104046242,4325.0
NetherlandsEredivisie,home,0,0.0199651562226967,0.0590055248618784,4525.0
NetherlandsEredivisie,home,0,0.109439151730992,0.0539609644087256,4355.0
NetherlandsEredivisie,home,0,0.1561377250127088,0.0546302465023317,4503.0
NetherlandsEredivisie,home,0,0.2227845232916158,0.060401171963038,4437.0
NetherlandsEredivisie,home,0,0.305106161618964,0.0621307801996333,4909.0
NetherlandsEredivisie,home,0,0.3791437540777275,0.0632082598841601,3971.0
NetherlandsEredivisie,home,0,0.4364698762144219,0.0568720379146919,4853.0
NetherlandsEredivisie,home,0,0.518176059376094,0.0579710144927536,4278.0
NetherlandsEredivisie,home,0,0.6120265280092159,0.0667357512953367,4825.0
NetherlandsEredivisie,home,0,0.7037894916310999,0.0693751484913281,4209.0
NetherlandsEredivisie,home,0,0.8195764782576201,0.0654275092936803,4035.0
NetherlandsEredivisie,home,0,0.9258413117113382,0.0550601872492197,4486.0
NetherlandsEredivisie,home,0,1.053456636828208,0.0730688935281837,4311.0
NetherlandsEredivisie,home,0,1.2057179849942412,0.070323827936201,4138.0
NetherlandsEredivisie,home,0,1.3570160986182696,0.0807317073170731,4100.0
NetherlandsEredivisie,home,0,1.5199362351908512,0.0874848116646415,4115.0
NetherlandsEredivisie,home,0,1.728201811578282,0.0965450435905715,3097.0
NetherlandsEredivisie,home,0,1.982116795329801,0.1031870428422152,3828.0
NetherlandsEredivisie,home,0,2.306631298406548,0.0962123306607685,3617.0
NetherlandsEredivisie,home,0,2.926340076098093,0.1008258774948382,2906.0
NetherlandsEredivisie,home,1,-2.102464611280477,0.0285423037716615,981.0
NetherlandsEredivisie,home,1,-1.4677081395815614,0.0348027842227378,1293.0
NetherlandsEredivisie,home,1,-1.1609365453882838,0.0258823529411764,1275.0
NetherlandsEredivisie,home,1,-0.9042802451194564,0.0431266846361186,1484.0
NetherlandsEredivisie,home,1,-0.6769687920825098,0.039322033898305,1475.0
NetherlandsEredivisie,home,1,-0.4940184312024365,0.0413914575077058,2271.0
NetherlandsEredivisie,home,1,-0.3668658925575124,0.0366387893269613,2511.0
NetherlandsEredivisie,home,1,-0.2428448465151418,0.0385241454150841,1843.0
NetherlandsEredivisie,home,1,-0.1569022717723765,0.0474951203643461,1537.0
NetherlandsEredivisie,home,1,-0.0927809246265194,0.0530705079605761,2638.0
NetherlandsEredivisie,home,1,0.0199651562226967,0.047463936714751,2149.0
NetherlandsEredivisie,home,1,0.109439151730992,0.0412631578947368,2375.0
NetherlandsEredivisie,home,1,0.1561377250127088,0.0415719389412146,3079.0
NetherlandsEredivisie,home,1,0.2227845232916158,0.0468805075784279,2837.0
NetherlandsEredivisie,home,1,0.305106161618964,0.0453943008614976,3018.0
NetherlandsEredivisie,home,1,0.3791437540777275,0.0478482446206115,3532.0
NetherlandsEredivisie,home,1,0.4364698762144219,0.0449578520137371,3203.0
NetherlandsEredivisie,home,1,0.518176059376094,0.0478915662650602,3320.0
NetherlandsEredivisie,home,1,0.6120265280092159,0.046999276934201,2766.0
NetherlandsEredivisie,home,1,0.7037894916310999,0.062241672744955,4113.0
NetherlandsEredivisie,home,1,0.8195764782576201,0.0571936959837315,3934.0
NetherlandsEredivisie,home,1,0.9258413117113382,0.0584839357429718,3984.0
NetherlandsEredivisie,home,1,1.053456636828208,0.0557191948944526,4074.0
NetherlandsEredivisie,home,1,1.2057179849942412,0.0585878818227341,3994.0
NetherlandsEredivisie,home,1,1.3570160986182696,0.0519962859795728,4308.0
NetherlandsEredivisie,home,1,1.5199362351908512,0.0618055555555555,4320.0
NetherlandsEredivisie,home,1,1.728201811578282,0.0664619830232978,5537.0
NetherlandsEredivisie,home,1,1.982116795329801,0.0692868719611021,4936.0
NetherlandsEredivisie,home,1,2.306631298406548,0.0772200772200772,5439.0
NetherlandsEredivisie,home,1,2.926340076098093,0.0868387507966857,6276.0
NetherlandsEredivisie,home,2,-2.102464611280477,0.0359882005899705,5085.0
NetherlandsEredivisie,home,2,-1.4677081395815614,0.0468271334792122,4570.0
NetherlandsEredivisie,home,2,-1.1609365453882838,0.0444682560942941,3733.0
NetherlandsEredivisie,home,2,-0.9042802451194564,0.0446475195822454,3830.0
NetherlandsEredivisie,home,2,-0.6769687920825098,0.0439858810752104,3683.0
NetherlandsEredivisie,home,2,-0.4940184312024365,0.0592294422081656,3478.0
NetherlandsEredivisie,home,2,-0.3668658925575124,0.0642129992169146,2554.0
NetherlandsEredivisie,home,2,-0.2428448465151418,0.0586725339200586,2727.0
NetherlandsEredivisie,home,2,-0.1569022717723765,0.0620835857056329,3302.0
NetherlandsEredivisie,home,2,-0.0927809246265194,0.0615927814829344,2549.0
NetherlandsEredivisie,home,2,0.0199651562226967,0.0546075085324232,2930.0
NetherlandsEredivisie,home,2,0.109439151730992,0.0579345088161209,2779.0
NetherlandsEredivisie,home,2,0.1561377250127088,0.0665680473372781,2028.0
NetherlandsEredivisie,home,2,0.2227845232916158,0.0712046574115539,2233.0
NetherlandsEredivisie,home,2,0.305106161618964,0.0545250140528386,1779.0
NetherlandsEredivisie,home,2,0.3791437540777275,0.073982125124131,2014.0
NetherlandsEredivisie,home,2,0.4364698762144219,0.0647382920110192,1452.0
NetherlandsEredivisie,home,2,0.518176059376094,0.0662020905923344,2009.0
NetherlandsEredivisie,home,2,0.6120265280092159,0.0778067885117493,1915.0
NetherlandsEredivisie,home,2,0.7037894916310999,0.0850077279752704,1294.0
NetherlandsEredivisie,home,2,0.8195764782576201,0.088484059856864,1537.0
NetherlandsEredivisie,home,2,0.9258413117113382,0.083406496927129,1139.0
NetherlandsEredivisie,home,2,1.053456636828208,0.0795734208367514,1219.0
NetherlandsEredivisie,home,2,1.2057179849942412,0.092955700798838,1377.0
NetherlandsEredivisie,home,2,1.3570160986182696,0.0948844884488448,1212.0
NetherlandsEredivisie,home,2,1.5199362351908512,0.1008403361344537,1071.0
NetherlandsEredivisie,home,2,1.728201811578282,0.0969072164948453,970.0
NetherlandsEredivisie,home,2,1.982116795329801,0.1212938005390835,742.0
NetherlandsEredivisie,home,2,2.306631298406548,0.1141304347826086,552.0
NetherlandsEredivisie,home,2,2.926340076098093,0.0973871733966745,421.0
NetherlandsEredivisie,away,0,-2.907909415554945,0.022078804347826,2944.0
NetherlandsEredivisie,away,0,-2.300660201022975,0.0255284106505627,3643.0
NetherlandsEredivisie,away,0,-1.9760087681387168,0.0288585416129863,3881.0
NetherlandsEredivisie,away,0,-1.722516063048411,0.0236552171095268,3086.0
NetherlandsEredivisie,away,0,-1.509566335824843,0.0340170085042521,3998.0
NetherlandsEredivisie,away,0,-1.349200465328794,0.0353559483994266,4186.0
NetherlandsEredivisie,away,0,-1.1994655303128898,0.0382659239525308,4129.0
NetherlandsEredivisie,away,0,-1.04534966658428,0.0383720930232558,4300.0
NetherlandsEredivisie,away,0,-0.9227069183861536,0.0350069092584062,4342.0
NetherlandsEredivisie,away,0,-0.8149324609998021,0.038330078125,4096.0
NetherlandsEredivisie,away,0,-0.7004082017098181,0.0419189566837447,4294.0
NetherlandsEredivisie,away,0,-0.6086280455086786,0.0395281456953642,4832.0
NetherlandsEredivisie,away,0,-0.5148743585500625,0.0526439482961222,4255.0
NetherlandsEredivisie,away,0,-0.4341156052673235,0.0443349753694581,4872.0
NetherlandsEredivisie,away,0,-0.3766238860009073,0.0464641307122798,3917.0
NetherlandsEredivisie,away,0,-0.3027113407147072,0.0462618752581577,4842.0
NetherlandsEredivisie,away,0,-0.220581068018714,0.0530389255633963,4393.0
NetherlandsEredivisie,away,0,-0.1549186826672958,0.051871306631648,4569.0
NetherlandsEredivisie,away,0,-0.1079752506306533,0.0547977422389463,4252.0
NetherlandsEredivisie,away,0,-0.0163878992989706,0.0491341991341991,4620.0
NetherlandsEredivisie,away,0,0.0956798403680549,0.0529260899976684,4289.0
NetherlandsEredivisie,away,0,0.1582715689875337,0.0583565758420939,4661.0
NetherlandsEredivisie,away,0,0.2446943294911495,0.056243654822335,4925.0
NetherlandsEredivisie,away,0,0.3697396679819937,0.0542844324809331,4458.0
NetherlandsEredivisie,away,0,0.4978660688654381,0.0555842812823164,3868.0
NetherlandsEredivisie,away,0,0.6814237600423922,0.0593277690051883,4433.0
NetherlandsEredivisie,away,0,0.9088980621583976,0.0686509841574651,4166.0
NetherlandsEredivisie,away,0,1.1636023694170716,0.0759878419452887,4606.0
NetherlandsEredivisie,away,0,1.4697025476993162,0.08125,3680.0
NetherlandsEredivisie,away,0,2.102464611280477,0.0879864636209813,3546.0
NetherlandsEredivisie,away,1,-2.907909415554945,0.0285035629453681,421.0
NetherlandsEredivisie,away,1,-2.300660201022975,0.0380434782608695,552.0
NetherlandsEredivisie,away,1,-1.9760087681387168,0.0181818181818181,770.0
NetherlandsEredivisie,away,1,-1.722516063048411,0.0147523709167544,949.0
NetherlandsEredivisie,away,1,-1.509566335824843,0.0215654952076677,1252.0
NetherlandsEredivisie,away,1,-1.349200465328794,0.0325884543761638,1074.0
NetherlandsEredivisie,away,1,-1.1994655303128898,0.0278614457831325,1328.0
NetherlandsEredivisie,away,1,-1.04534966658428,0.0287044220325833,1289.0
NetherlandsEredivisie,away,1,-0.9227069183861536,0.0355805243445692,1068.0
NetherlandsEredivisie,away,1,-0.8149324609998021,0.0296010296010296,1554.0
NetherlandsEredivisie,away,1,-0.7004082017098181,0.0267657992565055,1345.0
NetherlandsEredivisie,away,1,-0.6086280455086786,0.0408271474019088,1886.0
NetherlandsEredivisie,away,1,-0.5148743585500625,0.0298142717497556,2046.0
NetherlandsEredivisie,away,1,-0.4341156052673235,0.0361281526925698,1467.0
NetherlandsEredivisie,away,1,-0.3766238860009073,0.0335707019328586,1966.0
NetherlandsEredivisie,away,1,-0.3027113407147072,0.0363236103467253,1817.0
NetherlandsEredivisie,away,1,-0.220581068018714,0.0430013163668275,2279.0
NetherlandsEredivisie,away,1,-0.1549186826672958,0.0390218522372528,1922.0
NetherlandsEredivisie,away,1,-0.1079752506306533,0.0399575671852899,2828.0
NetherlandsEredivisie,away,1,-0.0163878992989706,0.0399726682610181,2927.0
NetherlandsEredivisie,away,1,0.0956798403680549,0.04453125,2560.0
NetherlandsEredivisie,away,1,0.1582715689875337,0.0465819721718088,3306.0
NetherlandsEredivisie,away,1,0.2446943294911495,0.0424041297935103,2712.0
NetherlandsEredivisie,away,1,0.3697396679819937,0.0451713395638629,2568.0
NetherlandsEredivisie,away,1,0.4978660688654381,0.0513568718996206,3427.0
NetherlandsEredivisie,away,1,0.6814237600423922,0.0515044727568446,3689.0
NetherlandsEredivisie,away,1,0.9088980621583976,0.0599897013388259,3884.0
NetherlandsEredivisie,away,1,1.1636023694170716,0.0561555075593952,3704.0
NetherlandsEredivisie,away,1,1.4697025476993162,0.0562293274531422,4535.0
NetherlandsEredivisie,away,1,2.102464611280477,0.0611602753195673,5085.0
NetherlandsEredivisie,away,2,-2.907909415554945,0.0253286309714652,6238.0
NetherlandsEredivisie,away,2,-2.300660201022975,0.0293453724604966,5316.0
NetherlandsEredivisie,away,2,-1.9760087681387168,0.0337796086508753,4855.0
NetherlandsEredivisie,away,2,-1.722516063048411,0.0326809121924941,5569.0
NetherlandsEredivisie,away,2,-1.509566335824843,0.038063909774436,4256.0
NetherlandsEredivisie,away,2,-1.349200465328794,0.046788990825688,4360.0
NetherlandsEredivisie,away,2,-1.1994655303128898,0.0404738400789733,4052.0
NetherlandsEredivisie,away,2,-1.04534966658428,0.043389484430832,3918.0
NetherlandsEredivisie,away,2,-0.9227069183861536,0.0450999512432959,4102.0
NetherlandsEredivisie,away,2,-0.8149324609998021,0.0478117885150518,3953.0
NetherlandsEredivisie,away,2,-0.7004082017098181,0.0427835051546391,3880.0
NetherlandsEredivisie,away,2,-0.6086280455086786,0.0448350071736011,2788.0
NetherlandsEredivisie,away,2,-0.5148743585500625,0.0576503583670925,3209.0
NetherlandsEredivisie,away,2,-0.4341156052673235,0.0511172329354147,3267.0
NetherlandsEredivisie,away,2,-0.3766238860009073,0.0514726121662537,3633.0
NetherlandsEredivisie,away,2,-0.3027113407147072,0.0585348755695758,2853.0
NetherlandsEredivisie,away,2,-0.220581068018714,0.0518417462482946,2932.0
NetherlandsEredivisie,away,2,-0.1549186826672958,0.0562541363335539,3022.0
NetherlandsEredivisie,away,2,-0.1079752506306533,0.0592836558254425,2429.0
NetherlandsEredivisie,away,2,-0.0163878992989706,0.0690325717063684,2057.0
NetherlandsEredivisie,away,2,0.0956798403680549,0.0582050319188884,2663.0
NetherlandsEredivisie,away,2,0.1582715689875337,0.0568475452196382,1548.0
NetherlandsEredivisie,away,2,0.2446943294911495,0.0746666666666666,1875.0
NetherlandsEredivisie,away,2,0.3697396679819937,0.0647286821705426,2580.0
NetherlandsEredivisie,away,2,0.4978660688654381,0.0603060306030603,2222.0
NetherlandsEredivisie,away,2,0.6814237600423922,0.0684931506849315,1387.0
NetherlandsEredivisie,away,2,0.9088980621583976,0.0775641025641025,1560.0
NetherlandsEredivisie,away,2,1.1636023694170716,0.0817347789824854,1199.0
NetherlandsEredivisie,away,2,1.4697025476993162,0.0873936581593194,1293.0
NetherlandsEredivisie,away,2,2.102464611280477,0.1009174311926605,981.0
PortugalPrimeiraLiga,home,0,-1.843004442129318,0.0321187584345479,3705.0
PortugalPrimeiraLiga,home,0,-1.5112192287304549,0.033938251237332,4243.0
PortugalPrimeiraLiga,home,0,-1.2978353033836856,0.0310755037630492,4119.0
PortugalPrimeiraLiga,home,0,-1.0631469185793976,0.0346673464185572,3923.0
PortugalPrimeiraLiga,home,0,-0.7562201170765869,0.0452868852459016,4880.0
PortugalPrimeiraLiga,home,0,-0.4788546836072506,0.0405209840810419,4837.0
PortugalPrimeiraLiga,home,0,-0.2693077459971881,0.0531131443874135,4481.0
PortugalPrimeiraLiga,home,0,-0.1569154637846131,0.0485498108448928,4758.0
PortugalPrimeiraLiga,home,0,-0.080055307556964,0.0546650226058364,4866.0
PortugalPrimeiraLiga,home,0,0.0230576735107583,0.0515057113187954,4815.0
PortugalPrimeiraLiga,home,0,0.0953265345594457,0.0553898593949723,4694.0
PortugalPrimeiraLiga,home,0,0.1289140197272835,0.0582362728785357,4808.0
PortugalPrimeiraLiga,home,0,0.1617286746641587,0.0571920017200602,4651.0
PortugalPrimeiraLiga,home,0,0.1968280640280258,0.0591614014933946,5223.0
PortugalPrimeiraLiga,home,0,0.2473501804784152,0.0571428571428571,5005.0
PortugalPrimeiraLiga,home,0,0.3009347580334193,0.062023490624356,4853.0
PortugalPrimeiraLiga,home,0,0.3536414588934655,0.0579355365157078,4902.0
PortugalPrimeiraLiga,home,0,0.4062483202498636,0.0557173364395263,5151.0
PortugalPrimeiraLiga,home,0,0.4342092913339504,0.0624616014745033,4883.0
PortugalPrimeiraLiga,home,0,0.4693735912727005,0.06531431119037,4486.0
PortugalPrimeiraLiga,home,0,0.5336360119453966,0.0661618174571542,5018.0
PortugalPrimeiraLiga,home,0,0.6140045102410568,0.0657559620282472,4319.0
PortugalPrimeiraLiga,home,0,0.7046720601032175,0.0676676676676676,4995.0
PortugalPrimeiraLiga,home,0,0.8475575152608685,0.0634177484571185,4699.0
PortugalPrimeiraLiga,home,0,1.0813859113931086,0.076321403176108,4219.0
PortugalPrimeiraLiga,home,0,1.3772506266393236,0.0841668699682849,4099.0
PortugalPrimeiraLiga,home,0,1.6521733804394614,0.0918903957929698,3613.0
PortugalPrimeiraLiga,home,0,1.941277489934576,0.0863890615288999,3218.0
PortugalPrimeiraLiga,home,0,2.157952641093598,0.1074087203119461,2821.0
PortugalPrimeiraLiga,home,0,2.510814762159561,0.110002849814762,3509.0
PortugalPrimeiraLiga,home,1,-1.843004442129318,0.0125874125874125,715.0
PortugalPrimeiraLiga,home,1,-1.5112192287304549,0.0207468879668049,723.0
PortugalPrimeiraLiga,home,1,-1.2978353033836856,0.0201923076923076,1040.0
PortugalPrimeiraLiga,home,1,-1.0631469185793976,0.0240837696335078,955.0
PortugalPrimeiraLiga,home,1,-0.7562201170765869,0.033288948069241,1502.0
PortugalPrimeiraLiga,home,1,-0.4788546836072506,0.0339321357285429,1503.0
PortugalPrimeiraLiga,home,1,-0.2693077459971881,0.0406455469216975,1673.0
PortugalPrimeiraLiga,home,1,-0.1569154637846131,0.0383304940374787,2348.0
PortugalPrimeiraLiga,home,1,-0.080055307556964,0.0352146647370959,2073.0
PortugalPrimeiraLiga,home,1,0.0230576735107583,0.0425305688463583,1881.0
PortugalPrimeiraLiga,home,1,0.0953265345594457,0.0371929824561403,2850.0
PortugalPrimeiraLiga,home,1,0.1289140197272835,0.0352206865804725,2243.0
PortugalPrimeiraLiga,home,1,0.1617286746641587,0.0397643593519882,2716.0
PortugalPrimeiraLiga,home,1,0.1968280640280258,0.0345121431614827,2347.0
PortugalPrimeiraLiga,home,1,0.2473501804784152,0.0386840202458423,2766.0
PortugalPrimeiraLiga,home,1,0.3009347580334193,0.0430335097001763,2835.0
PortugalPrimeiraLiga,home,1,0.3536414588934655,0.034185303514377,3130.0
PortugalPrimeiraLiga,home,1,0.4062483202498636,0.044947860481841,2781.0
PortugalPrimeiraLiga,home,1,0.4342092913339504,0.0337979094076655,2870.0
PortugalPrimeiraLiga,home,1,0.4693735912727005,0.0431525322145639,3337.0
PortugalPrimeiraLiga,home,1,0.5336360119453966,0.0435294117647058,2550.0
PortugalPrimeiraLiga,home,1,0.6140045102410568,0.0462160600808781,3462.0
PortugalPrimeiraLiga,home,1,0.7046720601032175,0.0420403587443946,3568.0
PortugalPrimeiraLiga,home,1,0.8475575152608685,0.0443388756927949,3789.0
PortugalPrimeiraLiga,home,1,1.0813859113931086,0.048477157360406,3940.0
PortugalPrimeiraLiga,home,1,1.3772506266393236,0.051400884769328,4747.0
PortugalPrimeiraLiga,home,1,1.6521733804394614,0.0554793177808272,5101.0
PortugalPrimeiraLiga,home,1,1.941277489934576,0.061280383430332,5842.0
PortugalPrimeiraLiga,home,1,2.157952641093598,0.0627930341594105,5972.0
PortugalPrimeiraLiga,home,1,2.510814762159561,0.070184790334044,5628.0
PortugalPrimeiraLiga,home,2,-1.843004442129318,0.0321631692488723,5099.0
PortugalPrimeiraLiga,home,2,-1.5112192287304549,0.0387308533916849,4570.0
PortugalPrimeiraLiga,home,2,-1.2978353033836856,0.0363761153054221,4371.0
PortugalPrimeiraLiga,home,2,-1.0631469185793976,0.0444248955355179,4547.0
PortugalPrimeiraLiga,home,2,-0.7562201170765869,0.0555023923444976,3135.0
PortugalPrimeiraLiga,home,2,-0.4788546836072506,0.0521739130434782,3220.0
PortugalPrimeiraLiga,home,2,-0.2693077459971881,0.0606240713224368,3365.0
PortugalPrimeiraLiga,home,2,-0.1569154637846131,0.0650581645842309,2321.0
PortugalPrimeiraLiga,home,2,-0.080055307556964,0.0716776443239054,2581.0
PortugalPrimeiraLiga,home,2,0.0230576735107583,0.0657293497363796,2845.0
PortugalPrimeiraLiga,home,2,0.0953265345594457,0.0751765893037336,1982.0
PortugalPrimeiraLiga,home,2,0.1289140197272835,0.0729544538492543,2481.0
PortugalPrimeiraLiga,home,2,0.1617286746641587,0.071840354767184,2255.0
PortugalPrimeiraLiga,home,2,0.1968280640280258,0.0835227272727272,1760.0
PortugalPrimeiraLiga,home,2,0.2473501804784152,0.0714694110920526,1749.0
PortugalPrimeiraLiga,home,2,0.3009347580334193,0.0807381776239907,1734.0
PortugalPrimeiraLiga,home,2,0.3536414588934655,0.0798657718120805,1490.0
PortugalPrimeiraLiga,home,2,0.4062483202498636,0.0801261829652996,1585.0
PortugalPrimeiraLiga,home,2,0.4342092913339504,0.0893921334922526,1678.0
PortugalPrimeiraLiga,home,2,0.4693735912727005,0.0757844878626406,1689.0
PortugalPrimeiraLiga,home,2,0.5336360119453966,0.0718317085684966,1949.0
PortugalPrimeiraLiga,home,2,0.6140045102410568,0.0810965162764134,1751.0
PortugalPrimeiraLiga,home,2,0.7046720601032175,0.1047729918509895,859.0
PortugalPrimeiraLiga,home,2,0.8475575152608685,0.111534795042898,1049.0
PortugalPrimeiraLiga,home,2,1.0813859113931086,0.0836390315480557,1363.0
PortugalPrimeiraLiga,home,2,1.3772506266393236,0.0970588235294117,680.0
PortugalPrimeiraLiga,home,2,1.6521733804394614,0.1154929577464788,710.0
PortugalPrimeiraLiga,home,2,1.941277489934576,0.0873180873180873,481.0
PortugalPrimeiraLiga,home,2,2.157952641093598,0.1043956043956044,728.0
PortugalPrimeiraLiga,home,2,2.510814762159561,0.1344086021505376,372.0
PortugalPrimeiraLiga,away,0,-2.510814762159561,0.0267882587631803,3509.0
PortugalPrimeiraLiga,away,0,-2.157952641093598,0.0233959588798298,2821.0
PortugalPrimeiraLiga,away,0,-1.941850440582863,0.0216383307573415,3235.0
PortugalPrimeiraLiga,away,0,-1.6504107599117943,0.0297056440723737,3703.0
PortugalPrimeiraLiga,away,0,-1.370698583609667,0.0296743063932448,4145.0
PortugalPrimeiraLiga,away,0,-1.077034285851428,0.0399806154591713,4127.0
PortugalPrimeiraLiga,away,0,-0.845661914605106,0.0405896176030762,4681.0
PortugalPrimeiraLiga,away,0,-0.7036297189449211,0.0397271268057784,4984.0
PortugalPrimeiraLiga,away,0,-0.6130459017506514,0.0424117377349839,4362.0
PortugalPrimeiraLiga,away,0,-0.5329522207926176,0.0367926414717056,5001.0
PortugalPrimeiraLiga,away,0,-0.4690588892905005,0.0451875282422051,4426.0
PortugalPrimeiraLiga,away,0,-0.4337840819810303,0.0405246671887235,5108.0
PortugalPrimeiraLiga,away,0,-0.4058129310081768,0.0410069021518473,4926.0
PortugalPrimeiraLiga,away,0,-0.3536414588934655,0.0463076295389636,4902.0
PortugalPrimeiraLiga,away,0,-0.3006589269800436,0.0445261437908496,4896.0
PortugalPrimeiraLiga,away,0,-0.2470764368255884,0.0433293027005239,4962.0
PortugalPrimeiraLiga,away,0,-0.1963829299624165,0.0502369668246445,5275.0
PortugalPrimeiraLiga,away,0,-0.160868987154608,0.0459619172685489,4569.0
PortugalPrimeiraLiga,away,0,-0.1284810261394542,0.0447636893608161,4803.0
PortugalPrimeiraLiga,away,0,-0.0947936894286364,0.0510792904466766,4679.0
PortugalPrimeiraLiga,away,0,-0.0226393088241222,0.0484479865771812,4768.0
PortugalPrimeiraLiga,away,0,0.080055307556964,0.0501438553226469,4866.0
PortugalPrimeiraLiga,away,0,0.1569154637846131,0.0567465321563682,4758.0
PortugalPrimeiraLiga,away,0,0.2693077459971881,0.0551216246373577,4481.0
PortugalPrimeiraLiga,away,0,0.4788546836072506,0.0597477775480669,4837.0
PortugalPrimeiraLiga,away,0,0.7546562249262866,0.0650219527493205,4783.0
PortugalPrimeiraLiga,away,0,1.0645422455378637,0.0643111337061515,3934.0
PortugalPrimeiraLiga,away,0,1.2988450594957948,0.0781402142161635,4108.0
PortugalPrimeiraLiga,away,0,1.5112192287304549,0.0813103935894414,4243.0
PortugalPrimeiraLiga,away,0,1.843004442129318,0.0869095816464237,3705.0
PortugalPrimeiraLiga,away,1,-2.510814762159561,0.0080645161290322,372.0
PortugalPrimeiraLiga,away,1,-2.157952641093598,0.0206043956043956,728.0
PortugalPrimeiraLiga,away,1,-1.941850440582863,0.0249480249480249,481.0
PortugalPrimeiraLiga,away,1,-1.6504107599117943,0.0235131396957123,723.0
PortugalPrimeiraLiga,away,1,-1.370698583609667,0.0314842578710644,667.0
PortugalPrimeiraLiga,away,1,-1.077034285851428,0.0271460014673514,1363.0
PortugalPrimeiraLiga,away,1,-0.845661914605106,0.0181124880838894,1049.0
PortugalPrimeiraLiga,away,1,-0.7036297189449211,0.0232828870779976,859.0
PortugalPrimeiraLiga,away,1,-0.6130459017506514,0.0319817247287264,1751.0
PortugalPrimeiraLiga,away,1,-0.5329522207926176,0.0385591070522577,1971.0
PortugalPrimeiraLiga,away,1,-0.4690588892905005,0.0347930413917216,1667.0
PortugalPrimeiraLiga,away,1,-0.4337840819810303,0.0356933879461673,1709.0
PortugalPrimeiraLiga,away,1,-0.4058129310081768,0.0405405405405405,1554.0
PortugalPrimeiraLiga,away,1,-0.3536414588934655,0.0295302013422818,1490.0
PortugalPrimeiraLiga,away,1,-0.3006589269800436,0.0271049596309111,1734.0
PortugalPrimeiraLiga,away,1,-0.2470764368255884,0.0337335620354488,1749.0
PortugalPrimeiraLiga,away,1,-0.1963829299624165,0.0309278350515463,1843.0
PortugalPrimeiraLiga,away,1,-0.160868987154608,0.0287640449438202,2225.0
PortugalPrimeiraLiga,away,1,-0.1284810261394542,0.0317133443163097,2428.0
PortugalPrimeiraLiga,away,1,-0.0947936894286364,0.0398622047244094,2032.0
PortugalPrimeiraLiga,away,1,-0.0226393088241222,0.033989266547406,2795.0
PortugalPrimeiraLiga,away,1,0.080055307556964,0.0352576520728399,2581.0
PortugalPrimeiraLiga,away,1,0.1569154637846131,0.0275743214131839,2321.0
PortugalPrimeiraLiga,away,1,0.2693077459971881,0.0427934621099554,3365.0
PortugalPrimeiraLiga,away,1,0.4788546836072506,0.0406832298136645,3220.0
PortugalPrimeiraLiga,away,1,0.7546562249262866,0.0516746411483253,3135.0
PortugalPrimeiraLiga,away,1,1.0645422455378637,0.0483940972222222,4608.0
PortugalPrimeiraLiga,away,1,1.2988450594957948,0.0468677494199535,4310.0
PortugalPrimeiraLiga,away,1,1.5112192287304549,0.0509846827133479,4570.0
PortugalPrimeiraLiga,away,1,1.843004442129318,0.0588350656991567,5099.0
PortugalPrimeiraLiga,away,2,-2.510814762159561,0.0278962331201137,5628.0
PortugalPrimeiraLiga,away,2,-2.157952641093598,0.033657066309444,5972.0
PortugalPrimeiraLiga,away,2,-1.941850440582863,0.0391061452513966,5728.0
PortugalPrimeiraLiga,away,2,-1.6504107599117943,0.0381355932203389,5192.0
PortugalPrimeiraLiga,away,2,-1.370698583609667,0.0366038553173056,4617.0
PortugalPrimeiraLiga,away,2,-1.077034285851428,0.0454891994917407,3935.0
PortugalPrimeiraLiga,away,2,-0.845661914605106,0.0583136327817178,3807.0
PortugalPrimeiraLiga,away,2,-0.7036297189449211,0.0586756077116513,3579.0
PortugalPrimeiraLiga,away,2,-0.6130459017506514,0.0620064346300087,3419.0
PortugalPrimeiraLiga,away,2,-0.5329522207926176,0.0522593320235756,2545.0
PortugalPrimeiraLiga,away,2,-0.4690588892905005,0.061408789885611,3322.0
PortugalPrimeiraLiga,away,2,-0.4337840819810303,0.0629948364888123,2905.0
PortugalPrimeiraLiga,away,2,-0.4058129310081768,0.0582665695557174,2746.0
PortugalPrimeiraLiga,away,2,-0.3536414588934655,0.0511182108626198,3130.0
PortugalPrimeiraLiga,away,2,-0.3006589269800436,0.0574593284873658,2889.0
PortugalPrimeiraLiga,away,2,-0.2470764368255884,0.0597345132743362,2712.0
PortugalPrimeiraLiga,away,2,-0.1963829299624165,0.07024106400665,2406.0
PortugalPrimeiraLiga,away,2,-0.160868987154608,0.0617915904936014,2735.0
PortugalPrimeiraLiga,away,2,-0.1284810261394542,0.06,2200.0
PortugalPrimeiraLiga,away,2,-0.0947936894286364,0.0682060390763765,2815.0
PortugalPrimeiraLiga,away,2,-0.0226393088241222,0.0664540138224348,1881.0
PortugalPrimeiraLiga,away,2,0.080055307556964,0.0646406174626145,2073.0
PortugalPrimeiraLiga,away,2,0.1569154637846131,0.0604770017035775,2348.0
PortugalPrimeiraLiga,away,2,0.2693077459971881,0.0699342498505678,1673.0
PortugalPrimeiraLiga,away,2,0.4788546836072506,0.0678642714570858,1503.0
PortugalPrimeiraLiga,away,2,0.7546562249262866,0.0845539280958721,1502.0
PortugalPrimeiraLiga,away,2,1.0645422455378637,0.0857142857142857,980.0
PortugalPrimeiraLiga,away,2,1.2988450594957948,0.1192118226600985,1015.0
PortugalPrimeiraLiga,away,2,1.5112192287304549,0.1037344398340249,723.0
PortugalPrimeiraLiga,away,2,1.843004442129318,0.1104895104895104,715.0
ScotlandPremiership,home,0,-2.003178945278994,0.0285510349750178,2802.0
ScotlandPremiership,home,0,-1.5975702682996544,0.0348837209302325,2752.0
ScotlandPremiership,home,0,-1.2594198769063472,0.0388714733542319,3190.0
ScotlandPremiership,home,0,-0.925542191164149,0.0431950634213232,2917.0
ScotlandPremiership,home,0,-0.6652095045347054,0.0418096723868954,3205.0
ScotlandPremiership,home,0,-0.4845050424523045,0.0414654927577392,3521.0
ScotlandPremiership,home,0,-0.3671476921002329,0.0470653377630121,3612.0
ScotlandPremiership,home,0,-0.2326533784108849,0.047211660329531,3156.0
ScotlandPremiership,home,0,-0.1494004783102367,0.0556122448979591,3920.0
ScotlandPremiership,home,0,-0.0876189122530902,0.0443740095087163,3155.0
ScotlandPremiership,home,0,0.0078954093768081,0.0539488320355951,3596.0
ScotlandPremiership,home,0,0.0923809885384972,0.052099533437014,3858.0
ScotlandPremiership,home,0,0.1405723597813523,0.0588069780528981,3554.0
ScotlandPremiership,home,0,0.178838746723092,0.0524978831498729,3543.0
ScotlandPremiership,home,0,0.2158647645795224,0.0557074504442925,2926.0
ScotlandPremiership,home,0,0.2705963405887156,0.0622809382582906,3709.0
ScotlandPremiership,home,0,0.3445744048992821,0.064381520119225,3355.0
ScotlandPremiership,home,0,0.4076200542756905,0.0604938271604938,3240.0
ScotlandPremiership,home,0,0.465046924830628,0.059033409017191,3083.0
ScotlandPremiership,home,0,0.5347290353567459,0.067629179331307,3948.0
ScotlandPremiership,home,0,0.6158519546459824,0.0625356938892061,3502.0
ScotlandPremiership,home,0,0.6750008501725697,0.0700636942675159,2983.0
ScotlandPremiership,home,0,0.7658063102271901,0.0642837351066777,3609.0
ScotlandPremiership,home,0,0.887735086091409,0.0705806865575874,3117.0
ScotlandPremiership,home,0,1.0076403323087983,0.0753851196329072,3051.0
ScotlandPremiership,home,0,1.2388635074668954,0.087378640776699,3399.0
ScotlandPremiership,home,0,1.510743301584434,0.0844854070660522,3255.0
ScotlandPremiership,home,0,1.852463017616752,0.0923020795330171,2741.0
ScotlandPremiership,home,0,2.180139146100407,0.1031902323749507,2539.0
ScotlandPremiership,home,0,2.65009291195386,0.1091848026558465,2711.0
ScotlandPremiership,home,1,-2.003178945278994,0.0288624787775891,589.0
ScotlandPremiership,home,1,-1.5975702682996544,0.027063599458728,739.0
ScotlandPremiership,home,1,-1.2594198769063472,0.0278246205733558,1186.0
ScotlandPremiership,home,1,-0.925542191164149,0.0199600798403193,1002.0
ScotlandPremiership,home,1,-0.6652095045347054,0.0391014975041597,1202.0
ScotlandPremiership,home,1,-0.4845050424523045,0.0405797101449275,1380.0
ScotlandPremiership,home,1,-0.3671476921002329,0.043963712491277,1433.0
ScotlandPremiership,home,1,-0.2326533784108849,0.0340501792114695,2232.0
ScotlandPremiership,home,1,-0.1494004783102367,0.0423242467718794,1394.0
ScotlandPremiership,home,1,-0.0876189122530902,0.0422802850356294,2105.0
ScotlandPremiership,home,1,0.0078954093768081,0.0471232876712328,1825.0
ScotlandPremiership,home,1,0.0923809885384972,0.0492735312697409,1583.0
ScotlandPremiership,home,1,0.1405723597813523,0.0431177446102819,1809.0
ScotlandPremiership,home,1,0.178838746723092,0.0512936904221516,2203.0
ScotlandPremiership,home,1,0.2158647645795224,0.045815801776531,2139.0
ScotlandPremiership,home,1,0.2705963405887156,0.0513078470824949,1988.0
ScotlandPremiership,home,1,0.3445744048992821,0.0496918335901386,2596.0
ScotlandPremiership,home,1,0.4076200542756905,0.0483938256153525,2397.0
ScotlandPremiership,home,1,0.465046924830628,0.0432330827067669,2660.0
ScotlandPremiership,home,1,0.5347290353567459,0.0501307759372275,2294.0
ScotlandPremiership,home,1,0.6158519546459824,0.0489065606361829,2515.0
ScotlandPremiership,home,1,0.6750008501725697,0.0515988372093023,2752.0
ScotlandPremiership,home,1,0.7658063102271901,0.051783659378596,2607.0
ScotlandPremiership,home,1,0.887735086091409,0.0678195998643608,2949.0
ScotlandPremiership,home,1,1.0076403323087983,0.0527458889233633,3223.0
ScotlandPremiership,home,1,1.2388635074668954,0.0606822262118491,2785.0
ScotlandPremiership,home,1,1.510743301584434,0.0623724861556397,3431.0
ScotlandPremiership,home,1,1.852463017616752,0.0778588807785888,4110.0
ScotlandPremiership,home,1,2.180139146100407,0.0870182076140931,4229.0
ScotlandPremiership,home,1,2.65009291195386,0.0853855005753739,4345.0
ScotlandPremiership,home,2,-2.003178945278994,0.030614870079753,3887.0
ScotlandPremiership,home,2,-1.5975702682996544,0.0343986998916576,3692.0
ScotlandPremiership,home,2,-1.2594198769063472,0.0457516339869281,2907.0
ScotlandPremiership,home,2,-0.925542191164149,0.0480857580398162,3265.0
ScotlandPremiership,home,2,-0.6652095045347054,0.0480334145492516,2873.0
ScotlandPremiership,home,2,-0.4845050424523045,0.0512932924156071,2281.0
ScotlandPremiership,home,2,-0.3671476921002329,0.0551075268817204,2232.0
ScotlandPremiership,home,2,-0.2326533784108849,0.0578098943857698,1799.0
ScotlandPremiership,home,2,-0.1494004783102367,0.0551391862955032,1868.0
ScotlandPremiership,home,2,-0.0876189122530902,0.0669950738916256,2030.0
ScotlandPremiership,home,2,0.0078954093768081,0.0572237960339943,1765.0
ScotlandPremiership,home,2,0.0923809885384972,0.058695652173913,1840.0
ScotlandPremiership,home,2,0.1405723597813523,0.0615046677649643,1821.0
ScotlandPremiership,home,2,0.178838746723092,0.0581285444234404,2116.0
ScotlandPremiership,home,2,0.2158647645795224,0.0769732550554468,1533.0
ScotlandPremiership,home,2,0.2705963405887156,0.0680529300567107,1587.0
ScotlandPremiership,home,2,0.3445744048992821,0.0667752442996742,1228.0
ScotlandPremiership,home,2,0.4076200542756905,0.0672703751617076,1546.0
ScotlandPremiership,home,2,0.465046924830628,0.0680147058823529,1632.0
ScotlandPremiership,home,2,0.5347290353567459,0.0630942091616248,1157.0
ScotlandPremiership,home,2,0.6158519546459824,0.0718283582089552,1072.0
ScotlandPremiership,home,2,0.6750008501725697,0.0745937961595273,1354.0
ScotlandPremiership,home,2,0.7658063102271901,0.1081359423274974,971.0
ScotlandPremiership,home,2,0.887735086091409,0.0948844884488448,1212.0
ScotlandPremiership,home,2,1.0076403323087983,0.0817679558011049,905.0
ScotlandPremiership,home,2,1.2388635074668954,0.0906593406593406,1092.0
ScotlandPremiership,home,2,1.510743301584434,0.1171717171717171,495.0
ScotlandPremiership,home,2,1.852463017616752,0.1258741258741259,429.0
ScotlandPremiership,home,2,2.180139146100407,0.1346153846153846,416.0
ScotlandPremiership,home,2,2.65009291195386,0.1121076233183856,223.0
ScotlandPremiership,away,0,-2.6413232924059926,0.0224594992636229,2716.0
ScotlandPremiership,away,0,-2.161573933258171,0.0268817204301075,2604.0
ScotlandPremiership,away,0,-1.8366441799597508,0.0282711127220007,2759.0
ScotlandPremiership,away,0,-1.4989073385796128,0.0331899200983405,3254.0
ScotlandPremiership,away,0,-1.2244869069710511,0.0315288518738845,3362.0
ScotlandPremiership,away,0,-0.9989139370204316,0.0381436745073108,3146.0
ScotlandPremiership,away,0,-0.8825047798831183,0.0450751252086811,2995.0
ScotlandPremiership,away,0,-0.7612654673725242,0.0406705138774388,3639.0
ScotlandPremiership,away,0,-0.6715563586104831,0.0471994965387035,3178.0
ScotlandPremiership,away,0,-0.6088613940544235,0.0389238694905552,3494.0
ScotlandPremiership,away,0,-0.5270798809079238,0.0388580491673275,3783.0
ScotlandPremiership,away,0,-0.4603370731490827,0.0503620803159973,3038.0
ScotlandPremiership,away,0,-0.4052439145835039,0.0483570985740855,3226.0
ScotlandPremiership,away,0,-0.3401390334428308,0.0464562239428231,3358.0
ScotlandPremiership,away,0,-0.267252950242476,0.0549420209828823,3622.0
ScotlandPremiership,away,0,-0.2127049418565086,0.0449369036626654,3249.0
ScotlandPremiership,away,0,-0.1763312262014921,0.0451612903225806,3100.0
ScotlandPremiership,away,0,-0.1385308355749811,0.0436170212765957,3760.0
ScotlandPremiership,away,0,-0.0902258190936647,0.0540832882639264,3698.0
ScotlandPremiership,away,0,-0.0041285053457153,0.0469872857932559,3618.0
ScotlandPremiership,away,0,0.0894491718619872,0.050632911392405,3160.0
ScotlandPremiership,away,0,0.1510614097423512,0.0575356415478615,3928.0
ScotlandPremiership,away,0,0.2365300481137737,0.0609679446888749,3182.0
ScotlandPremiership,away,0,0.3696981440848427,0.0657290470723306,3484.0
ScotlandPremiership,away,0,0.4866612733809641,0.0622895622895622,3564.0
ScotlandPremiership,away,0,0.6678389367379683,0.0724866057358966,3173.0
ScotlandPremiership,away,0,0.9327248601887091,0.072289156626506,2988.0
ScotlandPremiership,away,0,1.2632772753950612,0.0789049919484702,3105.0
ScotlandPremiership,away,0,1.5975702682996544,0.0719476744186046,2752.0
ScotlandPremiership,away,0,2.003178945278994,0.099214846538187,2802.0
ScotlandPremiership,away,1,-2.6413232924059926,0.0179372197309417,223.0
ScotlandPremiership,away,1,-2.161573933258171,0.0144230769230769,416.0
ScotlandPremiership,away,1,-1.8366441799597508,0.0179640718562874,501.0
ScotlandPremiership,away,1,-1.4989073385796128,0.0316455696202531,474.0
ScotlandPremiership,away,1,-1.2244869069710511,0.0259365994236311,1041.0
ScotlandPremiership,away,1,-0.9989139370204316,0.020366598778004,982.0
ScotlandPremiership,away,1,-0.8825047798831183,0.0314960629921259,1143.0
ScotlandPremiership,away,1,-0.7612654673725242,0.0256663376110562,1013.0
ScotlandPremiership,away,1,-0.6715563586104831,0.0455840455840455,1404.0
ScotlandPremiership,away,1,-0.6088613940544235,0.0352716873212583,1049.0
ScotlandPremiership,away,1,-0.5270798809079238,0.0382513661202185,1281.0
ScotlandPremiership,away,1,-0.4603370731490827,0.0444297082228116,1508.0
ScotlandPremiership,away,1,-0.4052439145835039,0.0363164721141374,1542.0
ScotlandPremiership,away,1,-0.3401390334428308,0.0319516407599309,1158.0
ScotlandPremiership,away,1,-0.267252950242476,0.041860465116279,1720.0
ScotlandPremiership,away,1,-0.2127049418565086,0.0287907869481765,1563.0
ScotlandPremiership,away,1,-0.1763312262014921,0.0425641025641025,1950.0
ScotlandPremiership,away,1,-0.1385308355749811,0.0510046367851622,1941.0
ScotlandPremiership,away,1,-0.0902258190936647,0.0395348837209302,1720.0
ScotlandPremiership,away,1,-0.0041285053457153,0.0519337016574585,1810.0
ScotlandPremiership,away,1,0.0894491718619872,0.035264483627204,1985.0
ScotlandPremiership,away,1,0.1510614097423512,0.0417727967396841,1963.0
ScotlandPremiership,away,1,0.2365300481137737,0.0483036227717078,1739.0
ScotlandPremiership,away,1,0.3696981440848427,0.0519423832387603,2291.0
ScotlandPremiership,away,1,0.4866612733809641,0.051385165326184,2238.0
ScotlandPremiership,away,1,0.6678389367379683,0.0475043029259896,2905.0
ScotlandPremiership,away,1,0.9327248601887091,0.0562139167426314,3291.0
ScotlandPremiership,away,1,1.2632772753950612,0.0582558970693352,2798.0
ScotlandPremiership,away,1,1.5975702682996544,0.0636511375947995,3692.0
ScotlandPremiership,away,1,2.003178945278994,0.0740931309493182,3887.0
ScotlandPremiership,away,2,-2.6413232924059926,0.0278801843317972,4340.0
ScotlandPremiership,away,2,-2.161573933258171,0.0336215177713736,4164.0
ScotlandPremiership,away,2,-1.8366441799597508,0.0344124394595972,3923.0
ScotlandPremiership,away,2,-1.4989073385796128,0.0408340573414422,3453.0
ScotlandPremiership,away,2,-1.2244869069710511,0.0455969369996519,2873.0
ScotlandPremiership,away,2,-0.9989139370204316,0.039331366764995,3051.0
ScotlandPremiership,away,2,-0.8825047798831183,0.0354912914886625,3043.0
ScotlandPremiership,away,2,-0.7612654673725242,0.0429980276134122,2535.0
ScotlandPremiership,away,2,-0.6715563586104831,0.0457142857142857,2800.0
ScotlandPremiership,away,2,-0.6088613940544235,0.0554926387315968,2649.0
ScotlandPremiership,away,2,-0.5270798809079238,0.0403587443946188,2230.0
ScotlandPremiership,away,2,-0.4603370731490827,0.0539795114263199,2538.0
ScotlandPremiership,away,2,-0.4052439145835039,0.0505175983436853,2415.0
ScotlandPremiership,away,2,-0.3401390334428308,0.0573893473368342,2666.0
ScotlandPremiership,away,2,-0.267252950242476,0.0515743756786102,1842.0
ScotlandPremiership,away,2,-0.2127049418565086,0.0531645569620253,2370.0
ScotlandPremiership,away,2,-0.1763312262014921,0.0680431722196152,2131.0
ScotlandPremiership,away,2,-0.1385308355749811,0.0572450805008944,1677.0
ScotlandPremiership,away,2,-0.0902258190936647,0.048532055122828,1669.0
ScotlandPremiership,away,2,-0.0041285053457153,0.0495956873315363,1855.0
ScotlandPremiership,away,2,0.0894491718619872,0.0599692465402357,1951.0
ScotlandPremiership,away,2,0.1510614097423512,0.0713804713804713,1485.0
ScotlandPremiership,away,2,0.2365300481137737,0.0705394190871369,2169.0
ScotlandPremiership,away,2,0.3696981440848427,0.0718861209964412,1405.0
ScotlandPremiership,away,2,0.4866612733809641,0.0594202898550724,1380.0
ScotlandPremiership,away,2,0.6678389367379683,0.0823627287853577,1202.0
ScotlandPremiership,away,2,0.9327248601887091,0.0808383233532934,1002.0
ScotlandPremiership,away,2,1.2632772753950612,0.0682967959527824,1186.0
ScotlandPremiership,away,2,1.5975702682996544,0.081190798376184,739.0
ScotlandPremiership,away,2,2.003178945278994,0.1086587436332767,589.0
SpainLaLiga,home,0,-1.754755583350019,0.0370677158832056,4829.0
SpainLaLiga,home,0,-1.0636583410356786,0.0415875427269274,5266.0
SpainLaLiga,home,0,-0.7756091065599907,0.0410739971232219,6257.0
SpainLaLiga,home,0,-0.5433032689429647,0.0487153820487153,5994.0
SpainLaLiga,home,0,-0.3915083484441425,0.0454545454545454,6270.0
SpainLaLiga,home,0,-0.2734115827084799,0.0449116101290014,6279.0
SpainLaLiga,home,0,-0.1755122605065751,0.0506671170410403,5921.0
SpainLaLiga,home,0,-0.1165674908906551,0.0500839822873721,6549.0
SpainLaLiga,home,0,-0.0293633129913045,0.0499762018086625,6303.0
SpainLaLiga,home,0,0.0681387018863823,0.0485375494071146,6325.0
SpainLaLiga,home,0,0.1170023468050809,0.0540996168582375,6525.0
SpainLaLiga,home,0,0.1567193479350916,0.0524252105721754,6886.0
SpainLaLiga,home,0,0.1973928356911501,0.0543555240793201,5648.0
SpainLaLiga,home,0,0.2644215758273201,0.0562967783924503,6146.0
SpainLaLiga,home,0,0.3361797085435657,0.0602143757881462,6344.0
SpainLaLiga,home,0,0.3960797235972533,0.0585261222613758,6527.0
SpainLaLiga,home,0,0.4347068617859514,0.0658206429780033,5910.0
SpainLaLiga,home,0,0.4891611821816549,0.0591059602649006,6040.0
SpainLaLiga,home,0,0.5647591994604562,0.0583541147132169,6015.0
SpainLaLiga,home,0,0.6366896588731727,0.0608742774566474,5536.0
SpainLaLiga,home,0,0.6978457006891075,0.0645812310797174,5946.0
SpainLaLiga,home,0,0.7779678227510685,0.06720801658604,5788.0
SpainLaLiga,home,0,0.8685034910988957,0.0626140927345746,5478.0
SpainLaLiga,home,0,0.947153363645202,0.0671079242507814,5439.0
SpainLaLiga,home,0,1.066613751410521,0.0770008424599831,5935.0
SpainLaLiga,home,0,1.211063757322409,0.0694111131622669,5417.0
SpainLaLiga,home,0,1.372025270699636,0.0788053949903661,5190.0
SpainLaLiga,home,0,1.5943293874885898,0.0881934566145092,5624.0
SpainLaLiga,home,0,1.99545453908881,0.0853090172239108,4935.0
SpainLaLiga,home,0,2.7508893655995608,0.087873869696267,4313.0
SpainLaLiga,home,1,-1.754755583350019,0.0212474297464016,1459.0
SpainLaLiga,home,1,-1.0636583410356786,0.0384032339565437,1979.0
SpainLaLiga,home,1,-0.7756091065599907,0.0281899109792284,2022.0
SpainLaLiga,home,1,-0.5433032689429647,0.0293333333333333,1875.0
SpainLaLiga,home,1,-0.3915083484441425,0.0328879753340185,1946.0
SpainLaLiga,home,1,-0.2734115827084799,0.0336808340016038,2494.0
SpainLaLiga,home,1,-0.1755122605065751,0.0371845949535192,2259.0
SpainLaLiga,home,1,-0.1165674908906551,0.0325116112897463,2799.0
SpainLaLiga,home,1,-0.0293633129913045,0.031618887015177,2372.0
SpainLaLiga,home,1,0.0681387018863823,0.0373250388802488,3215.0
SpainLaLiga,home,1,0.1170023468050809,0.0342935528120713,2916.0
SpainLaLiga,home,1,0.1567193479350916,0.0361956103195995,2597.0
SpainLaLiga,home,1,0.1973928356911501,0.0402739726027397,3650.0
SpainLaLiga,home,1,0.2644215758273201,0.0391566265060241,3652.0
SpainLaLiga,home,1,0.3361797085435657,0.0318815826928551,3513.0
SpainLaLiga,home,1,0.3960797235972533,0.0409134157944814,3153.0
SpainLaLiga,home,1,0.4347068617859514,0.0426098535286285,3755.0
SpainLaLiga,home,1,0.4891611821816549,0.0357401593817918,4141.0
SpainLaLiga,home,1,0.5647591994604562,0.0388191538819153,4302.0
SpainLaLiga,home,1,0.6366896588731727,0.0400996828273674,4414.0
SpainLaLiga,home,1,0.6978457006891075,0.0412779850746268,4288.0
SpainLaLiga,home,1,0.7779678227510685,0.0436765058795296,4167.0
SpainLaLiga,home,1,0.8685034910988957,0.0483165719282903,4574.0
SpainLaLiga,home,1,0.947153363645202,0.0462264150943396,5300.0
SpainLaLiga,home,1,1.066613751410521,0.0504344140707777,4719.0
SpainLaLiga,home,1,1.211063757322409,0.0539705615119026,5503.0
SpainLaLiga,home,1,1.372025270699636,0.0497218944884544,5933.0
SpainLaLiga,home,1,1.5943293874885898,0.0550817341862117,5628.0
SpainLaLiga,home,1,1.99545453908881,0.0613629355534998,6486.0
SpainLaLiga,home,1,2.7508893655995608,0.0604945540182514,6794.0
SpainLaLiga,home,2,-1.754755583350019,0.0522375065296883,5743.0
SpainLaLiga,home,2,-1.0636583410356786,0.0444906444906444,4810.0
SpainLaLiga,home,2,-0.7756091065599907,0.0544199628351473,3767.0
SpainLaLiga,home,2,-0.5433032689429647,0.063977082835999,4189.0
SpainLaLiga,home,2,-0.3915083484441425,0.0611924686192468,3824.0
SpainLaLiga,home,2,-0.2734115827084799,0.0631675312786084,3277.0
SpainLaLiga,home,2,-0.1755122605065751,0.0623843510441448,3783.0
SpainLaLiga,home,2,-0.1165674908906551,0.0715344699777613,2698.0
SpainLaLiga,home,2,-0.0293633129913045,0.0644490644490644,3367.0
SpainLaLiga,home,2,0.0681387018863823,0.0734644720995584,2491.0
SpainLaLiga,home,2,0.1170023468050809,0.0661567877629063,2615.0
SpainLaLiga,home,2,0.1567193479350916,0.0691946833463643,2558.0
SpainLaLiga,home,2,0.1973928356911501,0.0735849056603773,2650.0
SpainLaLiga,home,2,0.2644215758273201,0.0680604982206405,2248.0
SpainLaLiga,home,2,0.3361797085435657,0.0635864592863677,2186.0
SpainLaLiga,home,2,0.3960797235972533,0.0776371308016877,2370.0
SpainLaLiga,home,2,0.4347068617859514,0.071578947368421,2375.0
SpainLaLiga,home,2,0.4891611821816549,0.0793140407288317,1866.0
SpainLaLiga,home,2,0.5647591994604562,0.0724370779619398,1629.0
SpainLaLiga,home,2,0.6366896588731727,0.0796163069544364,2085.0
SpainLaLiga,home,2,0.6978457006891075,0.0835176991150442,1808.0
SpainLaLiga,home,2,0.7779678227510685,0.0953978906999041,2086.0
SpainLaLiga,home,2,0.8685034910988957,0.091867469879518,1992.0
SpainLaLiga,home,2,0.947153363645202,0.1061538461538461,1300.0
SpainLaLiga,home,2,1.066613751410521,0.0930954228083785,1289.0
SpainLaLiga,home,2,1.211063757322409,0.0698299015219337,1117.0
SpainLaLiga,home,2,1.372025270699636,0.0854978354978355,924.0
SpainLaLiga,home,2,1.5943293874885898,0.0958385876418663,793.0
SpainLaLiga,home,2,1.99545453908881,0.0807754442649434,619.0
SpainLaLiga,home,2,2.7508893655995608,0.1205597416576964,929.0
SpainLaLiga,away,0,-2.7508893655995608,0.0238812891258984,4313.0
SpainLaLiga,away,0,-1.99545453908881,0.0267477203647416,4935.0
SpainLaLiga,away,0,-1.5939404906259211,0.029374888053018,5583.0
SpainLaLiga,away,0,-1.3713564196043877,0.0289799072642967,5176.0
SpainLaLiga,away,0,-1.210500284500683,0.0345773874862788,5466.0
SpainLaLiga,away,0,-1.064489987121343,0.0373577857021565,5889.0
SpainLaLiga,away,0,-0.9463122394424444,0.0346209912536443,5488.0
SpainLaLiga,away,0,-0.867249224989249,0.0316882170824986,5491.0
SpainLaLiga,away,0,-0.7764871738904442,0.0369397759103641,5712.0
SpainLaLiga,away,0,-0.6970181719686148,0.035262358697486,5927.0
SpainLaLiga,away,0,-0.6361760704125916,0.0334111729836536,5567.0
SpainLaLiga,away,0,-0.563856587441424,0.0363726955655206,6021.0
SpainLaLiga,away,0,-0.4882648636550384,0.0359390526664458,6038.0
SpainLaLiga,away,0,-0.4344212383963459,0.0388415672913117,5870.0
SpainLaLiga,away,0,-0.3956863508969354,0.0376492194674012,6534.0
SpainLaLiga,away,0,-0.3359013599322332,0.0421419518377693,6312.0
SpainLaLiga,away,0,-0.2638300902566304,0.039895356442119,6116.0
SpainLaLiga,away,0,-0.1968277207220251,0.0421985815602836,5640.0
SpainLaLiga,away,0,-0.1562634939832278,0.0442863365761579,6887.0
SpainLaLiga,away,0,-0.1166804812604723,0.0399079048349961,6515.0
SpainLaLiga,away,0,-0.0669970236812769,0.0450537117203783,6237.0
SpainLaLiga,away,0,0.0307067139501846,0.0498417721518987,6320.0
SpainLaLiga,away,0,0.1170610420909104,0.0500608642726719,6572.0
SpainLaLiga,away,0,0.1764189173996209,0.044900033886818,5902.0
SpainLaLiga,away,0,0.2748330999360252,0.0532154340836012,6220.0
SpainLaLiga,away,0,0.3923482064917278,0.0555999360920274,6259.0
SpainLaLiga,away,0,0.5450771530961643,0.0521058764774429,6007.0
SpainLaLiga,away,0,0.7765552742801825,0.0544697212431912,6242.0
SpainLaLiga,away,0,1.0636583410356786,0.0596278009874667,5266.0
SpainLaLiga,away,0,1.754755583350019,0.061296334644854,4829.0
SpainLaLiga,away,1,-2.7508893655995608,0.0236813778256189,929.0
SpainLaLiga,away,1,-1.99545453908881,0.0161550888529886,619.0
SpainLaLiga,away,1,-1.5939404906259211,0.0239596469104665,793.0
SpainLaLiga,away,1,-1.3713564196043877,0.0324675324675324,924.0
SpainLaLiga,away,1,-1.210500284500683,0.0161145926589077,1117.0
SpainLaLiga,away,1,-1.064489987121343,0.0294802172226532,1289.0
SpainLaLiga,away,1,-0.9463122394424444,0.0284615384615384,1300.0
SpainLaLiga,away,1,-0.867249224989249,0.0233947237431558,2009.0
SpainLaLiga,away,1,-0.7764871738904442,0.02851619139681,2069.0
SpainLaLiga,away,1,-0.6970181719686148,0.0309734513274336,1808.0
SpainLaLiga,away,1,-0.6361760704125916,0.0268585131894484,2085.0
SpainLaLiga,away,1,-0.563856587441424,0.0263965623081645,1629.0
SpainLaLiga,away,1,-0.4882648636550384,0.0328042328042328,1890.0
SpainLaLiga,away,1,-0.4344212383963459,0.0313660751134956,2423.0
SpainLaLiga,away,1,-0.3956863508969354,0.0242243943901402,2353.0
SpainLaLiga,away,1,-0.3359013599322332,0.031440638198029,2131.0
SpainLaLiga,away,1,-0.2638300902566304,0.0373134328358208,2278.0
SpainLaLiga,away,1,-0.1968277207220251,0.0287377228082939,2749.0
SpainLaLiga,away,1,-0.1562634939832278,0.031700288184438,2429.0
SpainLaLiga,away,1,-0.1166804812604723,0.0300525920360631,2662.0
SpainLaLiga,away,1,-0.0669970236812769,0.0298690671031096,2444.0
SpainLaLiga,away,1,0.0307067139501846,0.0314820314820314,3367.0
SpainLaLiga,away,1,0.1170610420909104,0.0310650887573964,2704.0
SpainLaLiga,away,1,0.1764189173996209,0.0336874838040943,3859.0
SpainLaLiga,away,1,0.2748330999360252,0.0332418420250076,3279.0
SpainLaLiga,away,1,0.3923482064917278,0.0333767926988265,3835.0
SpainLaLiga,away,1,0.5450771530961643,0.0368773946360153,4176.0
SpainLaLiga,away,1,0.7765552742801825,0.0374491180461329,3685.0
SpainLaLiga,away,1,1.0636583410356786,0.0417879417879417,4810.0
SpainLaLiga,away,1,1.754755583350019,0.0468396308549538,5743.0
SpainLaLiga,away,2,-2.7508893655995608,0.0345893435384162,6794.0
SpainLaLiga,away,2,-1.99545453908881,0.0391612704286154,6486.0
SpainLaLiga,away,2,-1.5939404906259211,0.0384547539248544,5669.0
SpainLaLiga,away,2,-1.3713564196043877,0.0444444444444444,5850.0
SpainLaLiga,away,2,-1.210500284500683,0.0476626947754353,5455.0
SpainLaLiga,away,2,-1.064489987121343,0.0469039292326681,4861.0
SpainLaLiga,away,2,-0.9463122394424444,0.0469538222739619,5154.0
SpainLaLiga,away,2,-0.867249224989249,0.0512764084507042,4544.0
SpainLaLiga,away,2,-0.7764871738904442,0.0413145539906103,4260.0
SpainLaLiga,away,2,-0.6970181719686148,0.047980997624703,4210.0
SpainLaLiga,away,2,-0.6361760704125916,0.0444900752908966,4383.0
SpainLaLiga,away,2,-0.563856587441424,0.0507625768267698,4393.0
SpainLaLiga,away,2,-0.4882648636550384,0.0497265042267528,4022.0
SpainLaLiga,away,2,-0.4344212383963459,0.0467040298905791,3747.0
SpainLaLiga,away,2,-0.3956863508969354,0.053746443250079,3163.0
SpainLaLiga,away,2,-0.3359013599322332,0.0536682843277191,3503.0
SpainLaLiga,away,2,-0.2638300902566304,0.0585980284775465,3652.0
SpainLaLiga,away,2,-0.1968277207220251,0.0516958424507658,3656.0
SpainLaLiga,away,2,-0.1562634939832278,0.05441400304414,2628.0
SpainLaLiga,away,2,-0.1166804812604723,0.0580062521708926,2879.0
SpainLaLiga,away,2,-0.0669970236812769,0.0534328358208955,3350.0
SpainLaLiga,away,2,0.0307067139501846,0.0695305580159433,2258.0
SpainLaLiga,away,2,0.1170610420909104,0.0606498194945848,2770.0
SpainLaLiga,away,2,0.1764189173996209,0.0617659852109612,2299.0
SpainLaLiga,away,2,0.2748330999360252,0.0672371638141809,2454.0
SpainLaLiga,away,2,0.3923482064917278,0.0642343268242548,1946.0
SpainLaLiga,away,2,0.5450771530961643,0.064,1875.0
SpainLaLiga,away,2,0.7765552742801825,0.0746785361028684,2022.0
SpainLaLiga,away,2,1.0636583410356786,0.0646791308741788,1979.0
SpainLaLiga,away,2,1.754755583350019,0.0884167237834133,1459.0
SpainSegunda,home,0,-0.5807117770574434,0.0492977528089887,7120.0
SpainSegunda,home,0,-0.2604097152428077,0.049845041322314,7744.0
SpainSegunda,home,0,-0.1622474960660139,0.049347471451876,7356.0
SpainSegunda,home,0,-0.108404967500383,0.0495512111152096,8133.0
SpainSegunda,home,0,-0.036311991516503,0.0472767149993907,8207.0
SpainSegunda,home,0,0.0482600016911466,0.0522478736330498,6584.0
SpainSegunda,home,0,0.1019145772274098,0.0534521158129175,8980.0
SpainSegunda,home,0,0.1267403838516825,0.0579233590489439,7907.0
SpainSegunda,home,0,0.1571147961526701,0.0503407036573494,7191.0
SpainSegunda,home,0,0.1773369234163633,0.0579992689167783,8207.0
SpainSegunda,home,0,0.201091902559741,0.0524509803921568,8160.0
SpainSegunda,home,0,0.2346621839462115,0.0580778683223386,7731.0
SpainSegunda,home,0,0.2722294805694814,0.0559101353076333,7834.0
SpainSegunda,home,0,0.3154492849065472,0.0609831985065339,8035.0
SpainSegunda,home,0,0.3484500069360838,0.06056789558049,8734.0
SpainSegunda,home,0,0.3839505456655225,0.0639356814701378,7836.0
SpainSegunda,home,0,0.4104862446633822,0.0585334198572355,7705.0
SpainSegunda,home,0,0.4293100687203444,0.0632735363649005,7191.0
SpainSegunda,home,0,0.4548639041098335,0.0616643929058663,7330.0
SpainSegunda,home,0,0.4839608984346039,0.0622573129691949,7726.0
SpainSegunda,home,0,0.5247511557998081,0.0627775777217621,8331.0
SpainSegunda,home,0,0.5637695354999284,0.0627214276341687,7621.0
SpainSegunda,home,0,0.6043583861645818,0.0658708471163526,6953.0
SpainSegunda,home,0,0.6439003578572008,0.0606809445359692,7284.0
SpainSegunda,home,0,0.6849472380808423,0.0613113113113113,7992.0
SpainSegunda,home,0,0.7460982719773152,0.0670798898071625,7260.0
SpainSegunda,home,0,0.830594666152118,0.0703249097472924,6925.0
SpainSegunda,home,0,0.90892734960735,0.0728882833787465,7340.0
SpainSegunda,home,0,1.0015611597153578,0.0685980186130291,6662.0
SpainSegunda,home,0,1.3203152797770783,0.0710382513661202,6405.0
SpainSegunda,home,1,-0.5807117770574434,0.0343396226415094,2650.0
SpainSegunda,home,1,-0.2604097152428077,0.0274414850686037,2478.0
SpainSegunda,home,1,-0.1622474960660139,0.03256760686246,3439.0
SpainSegunda,home,1,-0.108404967500383,0.0333077120163976,3903.0
SpainSegunda,home,1,-0.036311991516503,0.0343254399304801,4603.0
SpainSegunda,home,1,0.0482600016911466,0.0346031746031746,3150.0
SpainSegunda,home,1,0.1019145772274098,0.0453444098303911,2889.0
SpainSegunda,home,1,0.1267403838516825,0.0349547787826937,4091.0
SpainSegunda,home,1,0.1571147961526701,0.0409538621047174,3858.0
SpainSegunda,home,1,0.1773369234163633,0.0388082123184777,3994.0
SpainSegunda,home,1,0.201091902559741,0.0450496309493509,3929.0
SpainSegunda,home,1,0.2346621839462115,0.035206647714848,4573.0
SpainSegunda,home,1,0.2722294805694814,0.0405138339920948,4048.0
SpainSegunda,home,1,0.3154492849065472,0.0377515038373781,4821.0
SpainSegunda,home,1,0.3484500069360838,0.0426589897932478,3821.0
SpainSegunda,home,1,0.3839505456655225,0.0405623415533533,4339.0
SpainSegunda,home,1,0.4104862446633822,0.0446075663466967,5313.0
SpainSegunda,home,1,0.4293100687203444,0.0417461326552235,4719.0
SpainSegunda,home,1,0.4548639041098335,0.0415475509815132,5247.0
SpainSegunda,home,1,0.4839608984346039,0.0414666084679179,4582.0
SpainSegunda,home,1,0.5247511557998081,0.0409650665996481,3979.0
SpainSegunda,home,1,0.5637695354999284,0.0451075641915336,5764.0
SpainSegunda,home,1,0.6043583861645818,0.0456545654565456,5454.0
SpainSegunda,home,1,0.6439003578572008,0.0407473663287616,5031.0
SpainSegunda,home,1,0.6849472380808423,0.0410649819494584,4432.0
SpainSegunda,home,1,0.7460982719773152,0.0434045439131909,5898.0
SpainSegunda,home,1,0.830594666152118,0.0494097807757166,5930.0
SpainSegunda,home,1,0.90892734960735,0.0443070582174137,5823.0
SpainSegunda,home,1,1.0015611597153578,0.0445275322909585,5884.0
SpainSegunda,home,1,1.3203152797770783,0.0502139800285306,7010.0
SpainSegunda,home,2,-0.5807117770574434,0.0505415162454873,4986.0
SpainSegunda,home,2,-0.2604097152428077,0.0566783831282952,4552.0
SpainSegunda,home,2,-0.1622474960660139,0.0546599496221662,3970.0
SpainSegunda,home,2,-0.108404967500383,0.0570250772930264,2911.0
SpainSegunda,home,2,-0.036311991516503,0.0612400152149106,2629.0
SpainSegunda,home,2,0.0482600016911466,0.0732248520710059,4056.0
SpainSegunda,home,2,0.1019145772274098,0.0713305898491083,2916.0
SpainSegunda,home,2,0.1267403838516825,0.0644104803493449,2748.0
SpainSegunda,home,2,0.1571147961526701,0.0746887966804979,3615.0
SpainSegunda,home,2,0.1773369234163633,0.0584816563748637,2753.0
SpainSegunda,home,2,0.201091902559741,0.0690814040328603,2678.0
SpainSegunda,home,2,0.2346621839462115,0.085903943771964,2561.0
SpainSegunda,home,2,0.2722294805694814,0.0696177062374245,2485.0
SpainSegunda,home,2,0.3154492849065472,0.0789930555555555,2304.0
SpainSegunda,home,2,0.3484500069360838,0.0676810073452256,1906.0
SpainSegunda,home,2,0.3839505456655225,0.0676270508203281,2499.0
SpainSegunda,home,2,0.4104862446633822,0.0811608460403344,2033.0
SpainSegunda,home,2,0.4293100687203444,0.0791931266342921,2677.0
SpainSegunda,home,2,0.4548639041098335,0.0853842290306378,1991.0
SpainSegunda,home,2,0.4839608984346039,0.0622695616550594,2441.0
SpainSegunda,home,2,0.5247511557998081,0.0762331838565022,2453.0
SpainSegunda,home,2,0.5637695354999284,0.0710659898477157,1773.0
SpainSegunda,home,2,0.6043583861645818,0.0790985417587273,2263.0
SpainSegunda,home,2,0.6439003578572008,0.0765306122448979,2156.0
SpainSegunda,home,2,0.6849472380808423,0.0746869409660107,2236.0
SpainSegunda,home,2,0.7460982719773152,0.0945674044265593,1491.0
SpainSegunda,home,2,0.830594666152118,0.0860892388451443,1905.0
SpainSegunda,home,2,0.90892734960735,0.0923761825264329,1797.0
SpainSegunda,home,2,1.0015611597153578,0.0856299212598425,2032.0
SpainSegunda,home,2,1.3203152797770783,0.0940044411547002,1351.0
SpainSegunda,away,0,-1.3203152797770783,0.033567525370804,6405.0
SpainSegunda,away,0,-1.0003145877892023,0.031364502418291,6823.0
SpainSegunda,away,0,-0.908533774693252,0.0318893749118103,7087.0
SpainSegunda,away,0,-0.8309227249426253,0.0307823856348867,7017.0
SpainSegunda,away,0,-0.7460982719773152,0.0356749311294765,7260.0
SpainSegunda,away,0,-0.6849032925028603,0.0337495364074669,8089.0
SpainSegunda,away,0,-0.6430043774134289,0.0381151285732933,7661.0
SpainSegunda,away,0,-0.6022002326748515,0.0379105773404717,6911.0
SpainSegunda,away,0,-0.5632863078437477,0.0367381018647369,7186.0
SpainSegunda,away,0,-0.5247511557998081,0.0340895450726203,8331.0
SpainSegunda,away,0,-0.4840630634654864,0.0381051807386141,7663.0
SpainSegunda,away,0,-0.4547891390459653,0.0393087983115683,7581.0
SpainSegunda,away,0,-0.4285626897927425,0.0401735722284434,7144.0
SpainSegunda,away,0,-0.4103810725557763,0.0377007832204964,7533.0
SpainSegunda,away,0,-0.3836745938520509,0.0385533090543764,7963.0
SpainSegunda,away,0,-0.3477434173878753,0.0364039955604883,9010.0
SpainSegunda,away,0,-0.3144907986332189,0.0420090113967665,7546.0
SpainSegunda,away,0,-0.2718435976730798,0.0391020106081164,8107.0
SpainSegunda,away,0,-0.2337070967870844,0.0424670064027178,7653.0
SpainSegunda,away,0,-0.2003930304726519,0.0456721915285451,8145.0
SpainSegunda,away,0,-0.1770229770689797,0.0406052963430012,7930.0
SpainSegunda,away,0,-0.1569907667729421,0.0484856904695748,7198.0
SpainSegunda,away,0,-0.1266640795696803,0.0420253164556962,7900.0
SpainSegunda,away,0,-0.1019145772274098,0.0451002227171492,8980.0
SpainSegunda,away,0,-0.0393845990812806,0.0465911771644255,8478.0
SpainSegunda,away,0,0.0463731755207651,0.04375,6400.0
SpainSegunda,away,0,0.1091399006744102,0.043450960693206,7963.0
SpainSegunda,away,0,0.1624464264040083,0.050939798420049,7342.0
SpainSegunda,away,0,0.2604097152428077,0.0510072314049586,7744.0
SpainSegunda,away,0,0.5807117770574434,0.0560393258426966,7120.0
SpainSegunda,away,1,-1.3203152797770783,0.0140636565507031,1351.0
SpainSegunda,away,1,-1.0003145877892023,0.0250984251968503,2032.0
SpainSegunda,away,1,-0.908533774693252,0.0240626748740906,1787.0
SpainSegunda,away,1,-0.8309227249426253,0.0266318537859007,1915.0
SpainSegunda,away,1,-0.7460982719773152,0.0214621059691482,1491.0
SpainSegunda,away,1,-0.6849032925028603,0.0295169946332737,2236.0
SpainSegunda,away,1,-0.6430043774134289,0.0332906530089628,2343.0
SpainSegunda,away,1,-0.6022002326748515,0.0255560814008518,2113.0
SpainSegunda,away,1,-0.5632863078437477,0.0282258064516129,1736.0
SpainSegunda,away,1,-0.5247511557998081,0.0240521810028536,2453.0
SpainSegunda,away,1,-0.4840630634654864,0.032617671345995,2422.0
SpainSegunda,away,1,-0.4547891390459653,0.0283926852743022,2078.0
SpainSegunda,away,1,-0.4285626897927425,0.0237300704486466,2697.0
SpainSegunda,away,1,-0.4103810725557763,0.032904884318766,1945.0
SpainSegunda,away,1,-0.3836745938520509,0.0346320346320346,2541.0
SpainSegunda,away,1,-0.3477434173878753,0.0243654822335025,1970.0
SpainSegunda,away,1,-0.3144907986332189,0.0313921747042766,2198.0
SpainSegunda,away,1,-0.2718435976730798,0.0269617706237424,2485.0
SpainSegunda,away,1,-0.2337070967870844,0.0270982310876928,2657.0
SpainSegunda,away,1,-0.2003930304726519,0.0284274919035624,2779.0
SpainSegunda,away,1,-0.1770229770689797,0.0359937402190923,2556.0
SpainSegunda,away,1,-0.1569907667729421,0.0301521438450899,3615.0
SpainSegunda,away,1,-0.1266640795696803,0.032023289665211,2748.0
SpainSegunda,away,1,-0.1019145772274098,0.0318930041152263,2916.0
SpainSegunda,away,1,-0.0393845990812806,0.0369028752546977,4417.0
SpainSegunda,away,1,0.0463731755207651,0.0297723292469352,2284.0
SpainSegunda,away,1,0.1091399006744102,0.0321243523316062,2895.0
SpainSegunda,away,1,0.1624464264040083,0.0345088161209068,3970.0
SpainSegunda,away,1,0.2604097152428077,0.0325131810193321,4552.0
SpainSegunda,away,1,0.5807117770574434,0.0348977135980746,4986.0
SpainSegunda,away,2,-1.3203152797770783,0.0405135520684736,7010.0
SpainSegunda,away,2,-1.0003145877892023,0.0404057199866977,6014.0
SpainSegunda,away,2,-0.908533774693252,0.0486562445108027,5693.0
SpainSegunda,away,2,-0.8309227249426253,0.0495784148397976,5930.0
SpainSegunda,away,2,-0.7460982719773152,0.0425567989148864,5898.0
SpainSegunda,away,2,-0.6849032925028603,0.0546028880866426,4432.0
SpainSegunda,away,2,-0.6430043774134289,0.0522601563990082,5243.0
SpainSegunda,away,2,-0.6022002326748515,0.0513478818998716,5453.0
SpainSegunda,away,2,-0.5632863078437477,0.051840996519509,5459.0
SpainSegunda,away,2,-0.5247511557998081,0.0452374968585071,3979.0
SpainSegunda,away,2,-0.4840630634654864,0.0472958178235165,4567.0
SpainSegunda,away,2,-0.4547891390459653,0.0461538461538461,5200.0
SpainSegunda,away,2,-0.4285626897927425,0.0604996902746231,4843.0
SpainSegunda,away,2,-0.4103810725557763,0.0518804243008678,5185.0
SpainSegunda,away,2,-0.3836745938520509,0.0504124656278643,4364.0
SpainSegunda,away,2,-0.3477434173878753,0.0509175497544585,3869.0
SpainSegunda,away,2,-0.3144907986332189,0.0523538104285412,4737.0
SpainSegunda,away,2,-0.2718435976730798,0.0494835455200576,4163.0
SpainSegunda,away,2,-0.2337070967870844,0.0560789591745177,4458.0
SpainSegunda,away,2,-0.2003930304726519,0.0548223350253807,3940.0
SpainSegunda,away,2,-0.1770229770689797,0.0554858147125282,3983.0
SpainSegunda,away,2,-0.1569907667729421,0.0547112462006079,3948.0
SpainSegunda,away,2,-0.1266640795696803,0.0624843789052736,4001.0
SpainSegunda,away,2,-0.1019145772274098,0.0557286258220837,2889.0
SpainSegunda,away,2,-0.0393845990812806,0.0624375624375624,4004.0
SpainSegunda,away,2,0.0463731755207651,0.0731770833333333,3840.0
SpainSegunda,away,2,0.1091399006744102,0.058793324775353,3895.0
SpainSegunda,away,2,0.1624464264040083,0.0622765196662693,3356.0
SpainSegunda,away,2,0.2604097152428077,0.0633575464083938,2478.0
SpainSegunda,away,2,0.5807117770574434,0.0792452830188679,2650.0
TurkiyeSuperLig,home,0,-1.43698454050566,0.0352444775378505,4029.0
TurkiyeSuperLig,home,0,-0.9008620830593728,0.0343599413366855,4773.0
TurkiyeSuperLig,home,0,-0.6519294913088168,0.0399696912293995,5279.0
TurkiyeSuperLig,home,0,-0.4566831512059576,0.0372979693327807,4826.0
TurkiyeSuperLig,home,0,-0.3513049709529655,0.0425616547334924,5028.0
TurkiyeSuperLig,home,0,-0.238531865704249,0.0467603271126022,4769.0
TurkiyeSuperLig,home,0,-0.1628649906455717,0.046287177467008,5077.0
TurkiyeSuperLig,home,0,-0.0995940570502794,0.0469197024604234,5243.0
TurkiyeSuperLig,home,0,-0.0172307285753969,0.0540439106774254,5329.0
TurkiyeSuperLig,home,0,0.0628973529289648,0.0523321956769055,5274.0
TurkiyeSuperLig,home,0,0.112578022336593,0.0526114405969007,5227.0
TurkiyeSuperLig,home,0,0.1487373025393824,0.0513768249861393,5411.0
TurkiyeSuperLig,home,0,0.1848037217774912,0.0483189047714918,4967.0
TurkiyeSuperLig,home,0,0.2334323791835366,0.050394656952034,4941.0
TurkiyeSuperLig,home,0,0.2866111644556777,0.0526426616129711,4749.0
TurkiyeSuperLig,home,0,0.3406769785393261,0.0604090995985471,5231.0
TurkiyeSuperLig,home,0,0.3906704135622104,0.0603726262988176,5582.0
TurkiyeSuperLig,home,0,0.4296324946368455,0.0571046600458365,5236.0
TurkiyeSuperLig,home,0,0.4742770362418975,0.0593460593460593,5291.0
TurkiyeSuperLig,home,0,0.5411308391829279,0.0600933488914819,5142.0
TurkiyeSuperLig,home,0,0.5993290220272554,0.0623127621330137,5007.0
TurkiyeSuperLig,home,0,0.6626646251366006,0.067572598659717,5372.0
TurkiyeSuperLig,home,0,0.7403453066836707,0.0691283812795191,4658.0
TurkiyeSuperLig,home,0,0.8396610799138096,0.0670955882352941,5440.0
TurkiyeSuperLig,home,0,0.9383838721014924,0.0641025641025641,4992.0
TurkiyeSuperLig,home,0,1.0731036871947566,0.0638920134983127,4445.0
TurkiyeSuperLig,home,0,1.2388988396062877,0.0782978723404255,4700.0
TurkiyeSuperLig,home,0,1.4234498547761916,0.0763787213274768,4098.0
TurkiyeSuperLig,home,0,1.6673774259766383,0.0941614195764167,3494.0
TurkiyeSuperLig,home,0,2.1796687129675187,0.085262563523433,3542.0
TurkiyeSuperLig,home,1,-1.43698454050566,0.0245464247598719,937.0
TurkiyeSuperLig,home,1,-0.9008620830593728,0.0321057601510859,1059.0
TurkiyeSuperLig,home,1,-0.6519294913088168,0.0326747720364741,1316.0
TurkiyeSuperLig,home,1,-0.4566831512059576,0.0332512315270936,1624.0
TurkiyeSuperLig,home,1,-0.3513049709529655,0.0240906943788379,2117.0
TurkiyeSuperLig,home,1,-0.238531865704249,0.0347928068803752,2558.0
TurkiyeSuperLig,home,1,-0.1628649906455717,0.0277544154751892,2378.0
TurkiyeSuperLig,home,1,-0.0995940570502794,0.0355120946989191,1943.0
TurkiyeSuperLig,home,1,-0.0172307285753969,0.0367445054945054,2912.0
TurkiyeSuperLig,home,1,0.0628973529289648,0.03024846957148,2777.0
TurkiyeSuperLig,home,1,0.112578022336593,0.0357142857142857,2660.0
TurkiyeSuperLig,home,1,0.1487373025393824,0.0328947368421052,2888.0
TurkiyeSuperLig,home,1,0.1848037217774912,0.0355174525413349,3266.0
TurkiyeSuperLig,home,1,0.2334323791835366,0.0444515510073552,3127.0
TurkiyeSuperLig,home,1,0.2866111644556777,0.0340880183159501,3931.0
TurkiyeSuperLig,home,1,0.3406769785393261,0.0404699738903394,3064.0
TurkiyeSuperLig,home,1,0.3906704135622104,0.033009708737864,3090.0
TurkiyeSuperLig,home,1,0.4296324946368455,0.0399873056172643,3151.0
TurkiyeSuperLig,home,1,0.4742770362418975,0.0366197183098591,2840.0
TurkiyeSuperLig,home,1,0.5411308391829279,0.0400121248863291,3299.0
TurkiyeSuperLig,home,1,0.5993290220272554,0.0413757434703904,3867.0
TurkiyeSuperLig,home,1,0.6626646251366006,0.0367074527252502,3596.0
TurkiyeSuperLig,home,1,0.7403453066836707,0.0443232993600379,4219.0
TurkiyeSuperLig,home,1,0.8396610799138096,0.042296918767507,3570.0
TurkiyeSuperLig,home,1,0.9383838721014924,0.0407162129016433,4077.0
TurkiyeSuperLig,home,1,1.0731036871947566,0.040378548895899,4755.0
TurkiyeSuperLig,home,1,1.2388988396062877,0.048630887185104,4565.0
TurkiyeSuperLig,home,1,1.4234498547761916,0.0562488001535803,5209.0
TurkiyeSuperLig,home,1,1.6673774259766383,0.0559150489464078,6027.0
TurkiyeSuperLig,home,1,2.1796687129675187,0.0625,6192.0
TurkiyeSuperLig,home,2,-1.43698454050566,0.0387867647058823,5440.0
TurkiyeSuperLig,home,2,-0.9008620830593728,0.051236355535754,4489.0
TurkiyeSuperLig,home,2,-0.6519294913088168,0.0544327674481271,3711.0
TurkiyeSuperLig,home,2,-0.4566831512059576,0.0563490002596728,3851.0
TurkiyeSuperLig,home,2,-0.3513049709529655,0.0631352017246689,3247.0
TurkiyeSuperLig,home,2,-0.238531865704249,0.0631725095452967,2881.0
TurkiyeSuperLig,home,2,-0.1628649906455717,0.0752011192724728,2859.0
TurkiyeSuperLig,home,2,-0.0995940570502794,0.0649269959614787,3219.0
TurkiyeSuperLig,home,2,-0.0172307285753969,0.0656614785992217,2056.0
TurkiyeSuperLig,home,2,0.0628973529289648,0.0610789121711992,2243.0
TurkiyeSuperLig,home,2,0.112578022336593,0.0746268656716417,2412.0
TurkiyeSuperLig,home,2,0.1487373025393824,0.0698602794411177,2004.0
TurkiyeSuperLig,home,2,0.1848037217774912,0.0736791080950072,2063.0
TurkiyeSuperLig,home,2,0.2334323791835366,0.079136690647482,2224.0
TurkiyeSuperLig,home,2,0.2866111644556777,0.0763888888888889,1728.0
TurkiyeSuperLig,home,2,0.3406769785393261,0.062375249500998,2004.0
TurkiyeSuperLig,home,2,0.3906704135622104,0.0829748002458512,1627.0
TurkiyeSuperLig,home,2,0.4296324946368455,0.0712871287128712,2020.0
TurkiyeSuperLig,home,2,0.4742770362418975,0.0745550745550745,2079.0
TurkiyeSuperLig,home,2,0.5411308391829279,0.0751476113794954,1863.0
TurkiyeSuperLig,home,2,0.5993290220272554,0.0861111111111111,1440.0
TurkiyeSuperLig,home,2,0.6626646251366006,0.0864714086471408,1434.0
TurkiyeSuperLig,home,2,0.7403453066836707,0.0766208251473477,1527.0
TurkiyeSuperLig,home,2,0.8396610799138096,0.0861204013377926,1196.0
TurkiyeSuperLig,home,2,0.9383838721014924,0.0811475409836065,1220.0
TurkiyeSuperLig,home,2,1.0731036871947566,0.0899182561307901,1101.0
TurkiyeSuperLig,home,2,1.2388988396062877,0.086073500967118,1034.0
TurkiyeSuperLig,home,2,1.4234498547761916,0.1014056224899598,996.0
TurkiyeSuperLig,home,2,1.6673774259766383,0.0698856416772554,787.0
TurkiyeSuperLig,home,2,2.1796687129675187,0.1312977099236641,655.0
TurkiyeSuperLig,away,0,-2.1796687129675187,0.0268210050818746,3542.0
TurkiyeSuperLig,away,0,-1.6673774259766383,0.0283342873497424,3494.0
TurkiyeSuperLig,away,0,-1.4234498547761916,0.031966813079551,4098.0
TurkiyeSuperLig,away,0,-1.2388988396062877,0.0344680851063829,4700.0
TurkiyeSuperLig,away,0,-1.0722595159512809,0.0281564245810055,4475.0
TurkiyeSuperLig,away,0,-0.9376913259374796,0.0340136054421768,4998.0
TurkiyeSuperLig,away,0,-0.8380929698965542,0.0403930131004366,5496.0
TurkiyeSuperLig,away,0,-0.7383297644449079,0.0373102866779089,4744.0
TurkiyeSuperLig,away,0,-0.6615349928449687,0.0367731998459761,5194.0
TurkiyeSuperLig,away,0,-0.5990460896872535,0.0343253968253968,5040.0
TurkiyeSuperLig,away,0,-0.5405653198114796,0.0421153846153846,5200.0
TurkiyeSuperLig,away,0,-0.473528154257905,0.0429111531190926,5290.0
TurkiyeSuperLig,away,0,-0.4289249416902417,0.0383967035025285,5339.0
TurkiyeSuperLig,away,0,-0.389946176865571,0.0367511944138184,5442.0
TurkiyeSuperLig,away,0,-0.3395747884718053,0.0405121345308618,5233.0
TurkiyeSuperLig,away,0,-0.2857016870947171,0.0379317652044924,4719.0
TurkiyeSuperLig,away,0,-0.232703580022523,0.0414528227398341,5066.0
TurkiyeSuperLig,away,0,-0.1842592380043073,0.0416922133660331,4893.0
TurkiyeSuperLig,away,0,-0.1484029557673501,0.0444856348470806,5395.0
TurkiyeSuperLig,away,0,-0.1116907228437912,0.0440839694656488,5240.0
TurkiyeSuperLig,away,0,-0.0617772449433273,0.0430027803521779,5395.0
TurkiyeSuperLig,away,0,0.0180401675973995,0.050623347185493,5294.0
TurkiyeSuperLig,away,0,0.0999866227393584,0.0445859872611464,5181.0
TurkiyeSuperLig,away,0,0.1628649906455717,0.0482568445932637,5077.0
TurkiyeSuperLig,away,0,0.2397457834663705,0.0477680433875677,4794.0
TurkiyeSuperLig,away,0,0.3527249183751215,0.0518401266323704,5054.0
TurkiyeSuperLig,away,0,0.4579983268542109,0.0601534951254926,4821.0
TurkiyeSuperLig,away,0,0.6539904155999955,0.0683336514602023,5239.0
TurkiyeSuperLig,away,0,0.9024692180817468,0.0575916230366492,4775.0
TurkiyeSuperLig,away,0,1.43698454050566,0.0806651774633904,4029.0
TurkiyeSuperLig,away,1,-2.1796687129675187,0.0137404580152671,655.0
TurkiyeSuperLig,away,1,-1.6673774259766383,0.0190597204574332,787.0
TurkiyeSuperLig,away,1,-1.4234498547761916,0.0170682730923694,996.0
TurkiyeSuperLig,away,1,-1.2388988396062877,0.0338491295938104,1034.0
TurkiyeSuperLig,away,1,-1.0722595159512809,0.0217983651226158,1101.0
TurkiyeSuperLig,away,1,-0.9376913259374796,0.0266774454324979,1237.0
TurkiyeSuperLig,away,1,-0.8380929698965542,0.0249597423510467,1242.0
TurkiyeSuperLig,away,1,-0.7383297644449079,0.026639344262295,1464.0
TurkiyeSuperLig,away,1,-0.6615349928449687,0.0188284518828451,1434.0
TurkiyeSuperLig,away,1,-0.5990460896872535,0.03125,1504.0
TurkiyeSuperLig,away,1,-0.5405653198114796,0.0321329639889196,1805.0
TurkiyeSuperLig,away,1,-0.473528154257905,0.0288279773156899,2116.0
TurkiyeSuperLig,away,1,-0.4289249416902417,0.0333839150227617,1977.0
TurkiyeSuperLig,away,1,-0.389946176865571,0.0305206463195691,1671.0
TurkiyeSuperLig,away,1,-0.3395747884718053,0.0301020408163265,1960.0
TurkiyeSuperLig,away,1,-0.2857016870947171,0.0391479562464018,1737.0
TurkiyeSuperLig,away,1,-0.232703580022523,0.0217294900221729,2255.0
TurkiyeSuperLig,away,1,-0.1842592380043073,0.0303326810176125,2044.0
TurkiyeSuperLig,away,1,-0.1484029557673501,0.0308764940239043,2008.0
TurkiyeSuperLig,away,1,-0.1116907228437912,0.0401445202729827,2491.0
TurkiyeSuperLig,away,1,-0.0617772449433273,0.0299205236091631,2139.0
TurkiyeSuperLig,away,1,0.0180401675973995,0.0335603112840466,2056.0
TurkiyeSuperLig,away,1,0.0999866227393584,0.0316868592730661,3219.0
TurkiyeSuperLig,away,1,0.1628649906455717,0.0286813571178733,2859.0
TurkiyeSuperLig,away,1,0.2397457834663705,0.038528288788615,2881.0
TurkiyeSuperLig,away,1,0.3527249183751215,0.0354173082845703,3247.0
TurkiyeSuperLig,away,1,0.4579983268542109,0.0299846232701178,3902.0
TurkiyeSuperLig,away,1,0.6539904155999955,0.0437216742202079,3751.0
TurkiyeSuperLig,away,1,0.9024692180817468,0.0461332739023846,4487.0
TurkiyeSuperLig,away,1,1.43698454050566,0.0503676470588235,5440.0
TurkiyeSuperLig,away,2,-2.1796687129675187,0.0377906976744186,6192.0
TurkiyeSuperLig,away,2,-1.6673774259766383,0.0399867263978762,6027.0
TurkiyeSuperLig,away,2,-1.4234498547761916,0.0360913803033211,5209.0
TurkiyeSuperLig,away,2,-1.2388988396062877,0.0438116100766703,4565.0
TurkiyeSuperLig,away,2,-1.0722595159512809,0.0416839485690584,4822.0
TurkiyeSuperLig,away,2,-0.9376913259374796,0.0517368810051736,4059.0
TurkiyeSuperLig,away,2,-0.8380929698965542,0.0516853932584269,3560.0
TurkiyeSuperLig,away,2,-0.7383297644449079,0.0519208381839348,4295.0
TurkiyeSuperLig,away,2,-0.6615349928449687,0.0534329215742602,3481.0
TurkiyeSuperLig,away,2,-0.5990460896872535,0.0499094905611585,3867.0
TurkiyeSuperLig,away,2,-0.5405653198114796,0.0542588663231282,3299.0
TurkiyeSuperLig,away,2,-0.473528154257905,0.0537745604963805,2901.0
TurkiyeSuperLig,away,2,-0.4289249416902417,0.0527337431252022,3091.0
TurkiyeSuperLig,away,2,-0.389946176865571,0.0566526383943023,3089.0
TurkiyeSuperLig,away,2,-0.3395747884718053,0.0536363636363636,3300.0
TurkiyeSuperLig,away,2,-0.2857016870947171,0.0643959552953698,3758.0
TurkiyeSuperLig,away,2,-0.232703580022523,0.0560625814863103,3068.0
TurkiyeSuperLig,away,2,-0.1842592380043073,0.0564071122011036,3262.0
TurkiyeSuperLig,away,2,-0.1484029557673501,0.0620689655172413,2900.0
TurkiyeSuperLig,away,2,-0.1116907228437912,0.0655322230267921,2762.0
TurkiyeSuperLig,away,2,-0.0617772449433273,0.0615846789335336,2663.0
TurkiyeSuperLig,away,2,0.0180401675973995,0.0502205632846963,2947.0
TurkiyeSuperLig,away,2,0.0999866227393584,0.0676100628930817,1908.0
TurkiyeSuperLig,away,2,0.1628649906455717,0.0677039529015979,2378.0
TurkiyeSuperLig,away,2,0.2397457834663705,0.065591791865152,2729.0
TurkiyeSuperLig,away,2,0.3527249183751215,0.0667670682730923,1992.0
TurkiyeSuperLig,away,2,0.4579983268542109,0.0646387832699619,1578.0
TurkiyeSuperLig,away,2,0.6539904155999955,0.087386018237082,1316.0
TurkiyeSuperLig,away,2,0.9024692180817468,0.0793201133144475,1059.0
TurkiyeSuperLig,away,2,1.43698454050566,0.0832443970117396,937.0
